time,p1,p2,p3,p4
2025/07/11 00:00:00,,0.0,,
2025/07/11 00:15:00,,0.0,,
2025/07/11 00:30:00,,0.0,,
2025/07/11 00:45:00,,0.0,,
2025/07/11 01:00:00,,0.0,,
2025/07/11 01:15:00,,0.0,,
2025/07/11 01:30:00,,0.0,,
2025/07/11 01:45:00,,0.0,,
2025/07/11 02:00:00,,0.0,,
2025/07/11 02:15:00,,0.0,,
2025/07/11 02:30:00,,1.66,,
2025/07/11 02:45:00,,0.0,,
2025/07/11 03:00:00,,0.0,,
2025/07/11 03:15:00,,0.0,,
2025/07/11 03:30:00,,0.0,,
2025/07/11 03:45:00,,0.0,,
2025/07/11 04:00:00,,0.0,,
2025/07/11 04:15:00,,0.0,,
2025/07/11 04:30:00,,0.0,,
2025/07/11 04:45:00,,0.0,,
2025/07/11 05:00:00,,0.0,,
2025/07/11 05:15:00,,0.0,,
2025/07/11 05:30:00,,0.0,,
2025/07/11 05:45:00,,0.0,,
2025/07/11 06:00:00,,0.0,,
2025/07/11 06:15:00,,0.0,,
2025/07/11 06:30:00,,0.0,,
2025/07/11 06:45:00,,0.0,,
2025/07/11 07:00:00,,0.0,,
2025/07/11 07:15:00,,0.0,,
2025/07/11 07:30:00,,0.0,,
2025/07/11 07:45:00,,0.0,,
2025/07/11 08:00:00,,0.0,,
2025/07/11 08:15:00,,0.0,,
2025/07/11 08:30:00,,0.0,,
2025/07/11 08:45:00,,0.0,,
2025/07/11 09:00:00,,0.0,,
2025/07/11 09:15:00,,0.0,,
2025/07/11 09:30:00,,876.32,,
2025/07/11 09:45:00,,868.21,,
2025/07/11 10:00:00,,757.47,,
2025/07/11 10:15:00,,677.52,,
2025/07/11 10:30:00,,660.63,,
2025/07/11 10:45:00,,565.29,,
2025/07/11 11:00:00,,855.13,,
2025/07/11 11:15:00,,740.42,,
2025/07/11 11:30:00,,697.05,,
2025/07/11 11:45:00,,694.24,,
2025/07/11 12:00:00,,698.37,,
2025/07/11 12:15:00,,688.77,,
2025/07/11 12:30:00,,685.96,,
2025/07/11 12:45:00,,683.81,,
2025/07/11 13:00:00,,685.13,,
2025/07/11 13:15:00,,688.11,,
2025/07/11 13:30:00,,688.44,,
2025/07/11 13:45:00,,687.45,,
2025/07/11 14:00:00,,687.28,,
2025/07/11 14:15:00,,687.61,,
2025/07/11 14:30:00,,688.11,,
2025/07/11 14:45:00,,687.78,,
2025/07/11 15:00:00,,689.44,,
2025/07/11 15:15:00,,684.47,,
2025/07/11 15:30:00,,676.19,,
2025/07/11 15:45:00,,657.65,,
2025/07/11 16:00:00,,660.3,,
2025/07/11 16:15:00,,659.81,,
2025/07/11 16:30:00,,661.13,,
2025/07/11 16:45:00,,659.97,,
2025/07/11 17:00:00,,662.45,,
2025/07/11 17:15:00,,662.12,,
2025/07/11 17:30:00,,680.5,,
2025/07/11 17:45:00,,680.17,,
2025/07/11 18:00:00,,685.63,,
2025/07/11 18:15:00,,708.14,,
2025/07/11 18:30:00,,703.17,,
2025/07/11 18:45:00,,710.95,,
2025/07/11 19:00:00,,710.95,,
2025/07/11 19:15:00,,707.31,,
2025/07/11 19:30:00,,709.46,,
2025/07/11 19:45:00,,705.66,,
2025/07/11 20:00:00,,704.66,,
2025/07/11 20:15:00,,691.26,,
2025/07/11 20:30:00,,686.46,,
2025/07/11 20:45:00,,680.83,,
2025/07/11 21:00:00,,667.42,,
2025/07/11 21:15:00,,654.34,,
2025/07/11 21:30:00,,562.47,,
2025/07/11 21:45:00,,0.0,,
2025/07/11 22:00:00,,0.0,,
2025/07/11 22:15:00,,0.0,,
2025/07/11 22:30:00,,0.0,,
2025/07/11 22:45:00,,0.0,,
2025/07/11 23:00:00,,0.0,,
2025/07/11 23:15:00,,0.0,,
2025/07/11 23:30:00,,0.0,,
2025/07/11 23:45:00,,0.0,,
2025/07/12 00:00:00,,0.0,,
2025/07/12 00:15:00,,0.0,,
2025/07/12 00:30:00,,0.0,,
2025/07/12 00:45:00,,0.0,,
2025/07/12 01:00:00,,0.0,,
2025/07/12 01:15:00,,0.0,,
2025/07/12 01:30:00,,0.0,,
2025/07/12 01:45:00,,0.0,,
2025/07/12 02:00:00,,0.0,,
2025/07/12 02:15:00,,0.0,,
2025/07/12 02:30:00,,0.0,,
2025/07/12 02:45:00,,0.0,,
2025/07/12 03:00:00,,0.0,,
2025/07/12 03:15:00,,0.0,,
2025/07/12 03:30:00,,0.0,,
2025/07/12 03:45:00,,0.0,,
2025/07/12 04:00:00,,0.0,,
2025/07/12 04:15:00,,0.0,,
2025/07/12 04:30:00,,0.0,,
2025/07/12 04:45:00,,0.0,,
2025/07/12 05:00:00,,0.0,,
2025/07/12 05:15:00,,0.0,,
2025/07/12 05:30:00,,0.0,,
2025/07/12 05:45:00,,0.0,,
2025/07/12 06:00:00,,0.0,,
2025/07/12 06:15:00,,0.0,,
2025/07/12 06:30:00,,0.0,,
2025/07/12 06:45:00,,0.0,,
2025/07/12 07:00:00,,0.0,,
2025/07/12 07:15:00,,0.0,,
2025/07/12 07:30:00,,0.0,,
2025/07/12 07:45:00,,0.0,,
2025/07/12 08:00:00,,0.0,,
2025/07/12 08:15:00,,0.0,,
2025/07/12 08:30:00,,0.0,,
2025/07/12 08:45:00,,0.0,,
2025/07/12 09:00:00,,0.0,,
2025/07/12 09:15:00,,0.0,,
2025/07/12 09:30:00,,556.51,,
2025/07/12 09:45:00,,660.8,,
2025/07/12 10:00:00,,658.98,,
2025/07/12 10:15:00,,686.12,,
2025/07/12 10:30:00,,694.57,,
2025/07/12 10:45:00,,693.08,,
2025/07/12 11:00:00,,693.24,,
2025/07/12 11:15:00,,697.88,,
2025/07/12 11:30:00,,748.7,,
2025/07/12 11:45:00,,826.33,,
2025/07/12 12:00:00,,813.42,,
2025/07/12 12:15:00,,805.14,,
2025/07/12 12:30:00,,801.66,,
2025/07/12 12:45:00,,801.0,,
2025/07/12 13:00:00,,796.2,,
2025/07/12 13:15:00,,795.87,,
2025/07/12 13:30:00,,793.06,,
2025/07/12 13:45:00,,790.74,,
2025/07/12 14:00:00,,786.1,,
2025/07/12 14:15:00,,787.1,,
2025/07/12 14:30:00,,783.95,,
2025/07/12 14:45:00,,779.15,,
2025/07/12 15:00:00,,773.69,,
2025/07/12 15:15:00,,773.03,,
2025/07/12 15:30:00,,772.2,,
2025/07/12 15:45:00,,775.18,,
2025/07/12 16:00:00,,772.86,,
2025/07/12 16:15:00,,774.02,,
2025/07/12 16:30:00,,775.18,,
2025/07/12 16:45:00,,775.84,,
2025/07/12 17:00:00,,779.15,,
2025/07/12 17:15:00,,775.18,,
2025/07/12 17:30:00,,777.17,,
2025/07/12 17:45:00,,772.86,,
2025/07/12 18:00:00,,776.5,,
2025/07/12 18:15:00,,778.32,,
2025/07/12 18:30:00,,780.31,,
2025/07/12 18:45:00,,792.89,,
2025/07/12 19:00:00,,785.11,,
2025/07/12 19:15:00,,782.13,,
2025/07/12 19:30:00,,784.95,,
2025/07/12 19:45:00,,572.07,,
2025/07/12 20:00:00,,593.92,,
2025/07/12 20:15:00,,643.75,,
2025/07/12 20:30:00,,650.7,,
2025/07/12 20:45:00,,650.7,,
2025/07/12 21:00:00,,648.88,,
2025/07/12 21:15:00,,643.75,,
2025/07/12 21:30:00,,622.56,,
2025/07/12 21:45:00,,613.13,,
2025/07/12 22:00:00,,596.24,,
2025/07/12 22:15:00,,530.19,,
2025/07/12 22:30:00,,0.0,,
2025/07/12 22:45:00,,0.0,,
2025/07/12 23:00:00,,0.0,,
2025/07/12 23:15:00,,0.0,,
2025/07/12 23:30:00,,0.0,,
2025/07/12 23:45:00,,0.0,,
2025/07/13 00:00:00,,0.0,,
2025/07/13 00:15:00,,0.0,,
2025/07/13 00:30:00,,0.0,,
2025/07/13 00:45:00,,0.0,,
2025/07/13 01:00:00,,0.0,,
2025/07/13 01:15:00,,0.0,,
2025/07/13 01:30:00,,0.0,,
2025/07/13 01:45:00,,0.0,,
2025/07/13 02:00:00,,0.0,,
2025/07/13 02:15:00,,0.0,,
2025/07/13 02:30:00,,0.0,,
2025/07/13 02:45:00,,0.0,,
2025/07/13 03:00:00,,0.0,,
2025/07/13 03:15:00,,2.15,,
2025/07/13 03:30:00,,0.0,,
2025/07/13 03:45:00,,0.0,,
2025/07/13 04:00:00,,0.0,,
2025/07/13 04:15:00,,0.0,,
2025/07/13 04:30:00,,0.0,,
2025/07/13 04:45:00,,0.0,,
2025/07/13 05:00:00,,0.0,,
2025/07/13 05:15:00,,0.0,,
2025/07/13 05:30:00,,0.0,,
2025/07/13 05:45:00,,0.0,,
2025/07/13 06:00:00,,0.0,,
2025/07/13 06:15:00,,0.0,,
2025/07/13 06:30:00,,0.0,,
2025/07/13 06:45:00,,0.0,,
2025/07/13 07:00:00,,0.0,,
2025/07/13 07:15:00,,0.0,,
2025/07/13 07:30:00,,0.0,,
2025/07/13 07:45:00,,0.0,,
2025/07/13 08:00:00,,0.0,,
2025/07/13 08:15:00,,878.8,,
2025/07/13 08:30:00,,883.27,,
2025/07/13 08:45:00,,862.25,,
2025/07/13 09:00:00,,617.76,,
2025/07/13 09:15:00,,440.81,,
2025/07/13 09:30:00,,468.95,,
2025/07/13 09:45:00,,567.93,,
2025/07/13 10:00:00,,615.94,,
2025/07/13 10:15:00,,655.83,,
2025/07/13 10:30:00,,664.44,,
2025/07/13 10:45:00,,668.08,,
2025/07/13 11:00:00,,661.63,,
2025/07/13 11:15:00,,669.57,,
2025/07/13 11:30:00,,677.85,,
2025/07/13 11:45:00,,672.05,,
2025/07/13 12:00:00,,670.23,,
2025/07/13 12:15:00,,667.42,,
2025/07/13 12:30:00,,677.02,,
2025/07/13 12:45:00,,672.39,,
2025/07/13 13:00:00,,675.86,,
2025/07/13 13:15:00,,750.52,,
2025/07/13 13:30:00,,733.14,,
2025/07/13 13:45:00,,732.8,,
2025/07/13 14:00:00,,729.99,,
2025/07/13 14:15:00,,730.65,,
2025/07/13 14:30:00,,729.99,,
2025/07/13 14:45:00,,730.16,,
2025/07/13 15:00:00,,731.65,,
2025/07/13 15:15:00,,728.33,,
2025/07/13 15:30:00,,727.51,,
2025/07/13 15:45:00,,728.17,,
2025/07/13 16:00:00,,730.49,,
2025/07/13 16:15:00,,727.67,,
2025/07/13 16:30:00,,728.67,,
2025/07/13 16:45:00,,727.18,,
2025/07/13 17:00:00,,726.84,,
2025/07/13 17:15:00,,727.34,,
2025/07/13 17:30:00,,729.82,,
2025/07/13 17:45:00,,731.15,,
2025/07/13 18:00:00,,730.82,,
2025/07/13 18:15:00,,727.34,,
2025/07/13 18:30:00,,726.18,,
2025/07/13 18:45:00,,723.7,,
2025/07/13 19:00:00,,720.55,,
2025/07/13 19:15:00,,711.95,,
2025/07/13 19:30:00,,712.77,,
2025/07/13 19:45:00,,709.8,,
2025/07/13 20:00:00,,710.46,,
2025/07/13 20:15:00,,703.17,,
2025/07/13 20:30:00,,704.66,,
2025/07/13 20:45:00,,702.18,,
2025/07/13 21:00:00,,693.74,,
2025/07/13 21:15:00,,695.56,,
2025/07/13 21:30:00,,695.73,,
2025/07/13 21:45:00,,688.94,,
2025/07/13 22:00:00,,658.32,,
2025/07/13 22:15:00,,578.36,,
2025/07/13 22:30:00,,488.15,,
2025/07/13 22:45:00,,0.0,,
2025/07/13 23:00:00,,0.0,,
2025/07/13 23:15:00,,0.0,,
2025/07/13 23:30:00,,0.0,,
2025/07/13 23:45:00,,0.0,,
2025/07/14 00:00:00,,0.0,,
2025/07/14 00:15:00,,0.0,,
2025/07/14 00:30:00,,0.0,,
2025/07/14 00:45:00,,0.0,,
2025/07/14 01:00:00,,0.0,,
2025/07/14 01:15:00,,0.0,,
2025/07/14 01:30:00,,0.0,,
2025/07/14 01:45:00,,0.0,,
2025/07/14 02:00:00,,0.0,,
2025/07/14 02:15:00,,0.0,,
2025/07/14 02:30:00,,0.0,,
2025/07/14 02:45:00,,0.0,,
2025/07/14 03:00:00,,0.0,,
2025/07/14 03:15:00,,0.0,,
2025/07/14 03:30:00,,0.0,,
2025/07/14 03:45:00,,0.0,,
2025/07/14 04:00:00,,0.0,,
2025/07/14 04:15:00,,0.0,,
2025/07/14 04:30:00,,0.0,,
2025/07/14 04:45:00,,0.0,,
2025/07/14 05:00:00,,0.0,,
2025/07/14 05:15:00,,0.0,,
2025/07/14 05:30:00,,0.0,,
2025/07/14 05:45:00,,0.0,,
2025/07/14 06:00:00,,0.0,,
2025/07/14 06:15:00,,0.0,,
2025/07/14 06:30:00,,0.0,,
2025/07/14 06:45:00,,0.0,,
2025/07/14 07:00:00,,0.0,,
2025/07/14 07:15:00,,0.0,,
2025/07/14 07:30:00,,0.0,,
2025/07/14 07:45:00,,0.0,,
2025/07/14 08:00:00,,0.0,,
2025/07/14 08:15:00,,0.0,,
2025/07/14 08:30:00,,0.0,,
2025/07/14 08:45:00,,0.0,,
2025/07/14 09:00:00,,434.19,,
2025/07/14 09:15:00,,837.42,,
2025/07/14 09:30:00,,833.94,,
2025/07/14 09:45:00,,831.63,,
2025/07/14 10:00:00,,784.95,,
2025/07/14 10:15:00,,678.01,,
2025/07/14 10:30:00,,776.5,,
2025/07/14 10:45:00,,755.81,,
2025/07/14 11:00:00,,728.5,,
2025/07/14 11:15:00,,737.6,,
2025/07/14 11:30:00,,733.47,,
2025/07/14 11:45:00,,728.83,,
2025/07/14 12:00:00,,757.96,,
2025/07/14 12:15:00,,754.16,,
2025/07/14 12:30:00,,751.01,,
2025/07/14 12:45:00,,751.84,,
2025/07/14 13:00:00,,747.7,,
2025/07/14 13:15:00,,738.43,,
2025/07/14 13:30:00,,728.17,,
2025/07/14 13:45:00,,727.01,,
2025/07/14 14:00:00,,728.33,,
2025/07/14 14:15:00,,728.5,,
2025/07/14 14:30:00,,729.49,,
2025/07/14 14:45:00,,729.16,,
2025/07/14 15:00:00,,728.17,,
2025/07/14 15:15:00,,723.53,,
2025/07/14 15:30:00,,710.79,,
2025/07/14 15:45:00,,702.68,,
2025/07/14 16:00:00,,700.69,,
2025/07/14 16:15:00,,697.88,,
2025/07/14 16:30:00,,700.03,,
2025/07/14 16:45:00,,701.35,,
2025/07/14 17:00:00,,706.32,,
2025/07/14 17:15:00,,715.09,,
2025/07/14 17:30:00,,717.74,,
2025/07/14 17:45:00,,714.1,,
2025/07/14 18:00:00,,711.95,,
2025/07/14 18:15:00,,721.55,,
2025/07/14 18:30:00,,737.94,,
2025/07/14 18:45:00,,735.62,,
2025/07/14 19:00:00,,737.27,,
2025/07/14 19:15:00,,735.95,,
2025/07/14 19:30:00,,729.16,,
2025/07/14 19:45:00,,730.16,,
2025/07/14 20:00:00,,733.63,,
2025/07/14 20:15:00,,724.86,,
2025/07/14 20:30:00,,713.27,,
2025/07/14 20:45:00,,702.84,,
2025/07/14 21:00:00,,695.39,,
2025/07/14 21:15:00,,682.32,,
2025/07/14 21:30:00,,0.0,,
2025/07/14 21:45:00,,0.0,,
2025/07/14 22:00:00,,0.0,,
2025/07/14 22:15:00,,0.0,,
2025/07/14 22:30:00,,0.0,,
2025/07/14 22:45:00,,0.0,,
2025/07/14 23:00:00,,0.0,,
2025/07/14 23:15:00,,0.0,,
2025/07/14 23:30:00,,0.0,,
2025/07/14 23:45:00,,0.0,,
2025/07/15 00:00:00,,0.0,,
2025/07/15 00:15:00,,0.0,,
2025/07/15 00:30:00,,0.0,,
2025/07/15 00:45:00,,0.0,,
2025/07/15 01:00:00,,0.0,,
2025/07/15 01:15:00,,0.0,,
2025/07/15 01:30:00,,0.0,,
2025/07/15 01:45:00,,0.0,,
2025/07/15 02:00:00,,0.0,,
2025/07/15 02:15:00,,0.0,,
2025/07/15 02:30:00,,0.0,,
2025/07/15 02:45:00,,0.0,,
2025/07/15 03:00:00,,0.0,,
2025/07/15 03:15:00,,0.0,,
2025/07/15 03:30:00,,0.0,,
2025/07/15 03:45:00,,0.0,,
2025/07/15 04:00:00,,0.0,,
2025/07/15 04:15:00,,0.0,,
2025/07/15 04:30:00,,0.0,,
2025/07/15 04:45:00,,0.0,,
2025/07/15 05:00:00,,0.0,,
2025/07/15 05:15:00,,0.0,,
2025/07/15 05:30:00,,0.0,,
2025/07/15 05:45:00,,0.0,,
2025/07/15 06:00:00,,0.0,,
2025/07/15 06:15:00,,0.0,,
2025/07/15 06:30:00,,0.0,,
2025/07/15 06:45:00,,0.0,,
2025/07/15 07:00:00,,0.0,,
2025/07/15 07:15:00,,0.0,,
2025/07/15 07:30:00,,0.0,,
2025/07/15 07:45:00,,0.0,,
2025/07/15 08:00:00,,0.0,,
2025/07/15 08:15:00,,0.0,,
2025/07/15 08:30:00,,0.0,,
2025/07/15 08:45:00,,0.0,,
2025/07/15 09:00:00,,0.0,,
2025/07/15 09:15:00,,0.0,,
2025/07/15 09:30:00,,393.47,,
2025/07/15 09:45:00,,876.65,,
2025/07/15 10:00:00,,851.99,,
2025/07/15 10:15:00,,752.83,,
2025/07/15 10:30:00,,689.44,,
2025/07/15 10:45:00,,854.8,,
2025/07/15 11:00:00,,852.15,,
2025/07/15 11:15:00,,848.18,,
2025/07/15 11:30:00,,849.34,,
2025/07/15 11:45:00,,845.03,,
2025/07/15 12:00:00,,832.45,,
2025/07/15 12:15:00,,813.75,,
2025/07/15 12:30:00,,798.69,,
2025/07/15 12:45:00,,789.25,,
2025/07/15 13:00:00,,785.94,,
2025/07/15 13:15:00,,787.26,,
2025/07/15 13:30:00,,786.6,,
2025/07/15 13:45:00,,794.38,,
2025/07/15 14:00:00,,794.71,,
2025/07/15 14:15:00,,804.48,,
2025/07/15 14:30:00,,828.48,,
2025/07/15 14:45:00,,842.22,,
2025/07/15 15:00:00,,790.74,,
2025/07/15 15:15:00,,792.06,,
2025/07/15 15:30:00,,789.75,,
2025/07/15 15:45:00,,790.74,,
2025/07/15 16:00:00,,792.23,,
2025/07/15 16:15:00,,785.44,,
2025/07/15 16:30:00,,785.94,,
2025/07/15 16:45:00,,786.44,,
2025/07/15 17:00:00,,785.94,,
2025/07/15 17:15:00,,787.26,,
2025/07/15 17:30:00,,790.74,,
2025/07/15 17:45:00,,789.08,,
2025/07/15 18:00:00,,791.9,,
2025/07/15 18:15:00,,794.05,,
2025/07/15 18:30:00,,794.05,,
2025/07/15 18:45:00,,794.05,,
2025/07/15 19:00:00,,791.57,,
2025/07/15 19:15:00,,792.56,,
2025/07/15 19:30:00,,790.91,,
2025/07/15 19:45:00,,794.71,,
2025/07/15 20:00:00,,790.57,,
2025/07/15 20:15:00,,789.42,,
2025/07/15 20:30:00,,792.4,,
2025/07/15 20:45:00,,785.77,,
2025/07/15 21:00:00,,783.95,,
2025/07/15 21:15:00,,0.0,,
2025/07/15 21:30:00,,0.0,,
2025/07/15 21:45:00,,0.0,,
2025/07/15 22:00:00,,0.0,,
2025/07/15 22:15:00,,0.0,,
2025/07/15 22:30:00,,0.0,,
2025/07/15 22:45:00,,0.0,,
2025/07/15 23:00:00,,0.0,,
2025/07/15 23:15:00,,0.0,,
2025/07/15 23:30:00,,0.0,,
2025/07/15 23:45:00,,0.0,,
2025/07/17 00:00:00,,0.0,,
2025/07/17 00:15:00,,0.0,,
2025/07/17 00:30:00,,0.0,,
2025/07/17 00:45:00,,0.0,,
2025/07/17 01:00:00,,0.0,,
2025/07/17 01:15:00,,0.0,,
2025/07/17 01:30:00,,0.0,,
2025/07/17 01:45:00,,0.0,,
2025/07/17 02:00:00,,0.0,,
2025/07/17 02:15:00,,0.0,,
2025/07/17 02:30:00,,0.0,,
2025/07/17 02:45:00,,0.0,,
2025/07/17 03:00:00,,0.0,,
2025/07/17 03:15:00,,0.0,,
2025/07/17 03:30:00,,0.0,,
2025/07/17 03:45:00,,0.0,,
2025/07/17 04:00:00,,0.0,,
2025/07/17 04:15:00,,0.0,,
2025/07/17 04:30:00,,0.0,,
2025/07/17 04:45:00,,0.0,,
2025/07/17 05:00:00,,0.0,,
2025/07/17 05:15:00,,0.0,,
2025/07/17 05:30:00,,0.0,,
2025/07/17 05:45:00,,0.0,,
2025/07/17 06:00:00,,0.0,,
2025/07/17 06:15:00,,0.0,,
2025/07/17 06:30:00,,0.0,,
2025/07/17 06:45:00,,0.0,,
2025/07/17 07:00:00,,0.0,,
2025/07/17 07:15:00,,0.0,,
2025/07/17 07:30:00,,0.0,,
2025/07/17 07:45:00,,0.0,,
2025/07/17 08:00:00,,0.0,,
2025/07/17 08:15:00,,0.0,,
2025/07/17 08:30:00,,0.0,,
2025/07/17 08:45:00,,0.0,,
2025/07/17 09:00:00,,0.0,,
2025/07/17 09:15:00,,0.0,,
2025/07/17 09:30:00,,0.0,,
2025/07/17 09:45:00,,894.36,,
2025/07/17 10:00:00,,865.89,,
2025/07/17 10:15:00,,863.24,,
2025/07/17 10:30:00,,870.19,,
2025/07/17 10:45:00,,866.22,,
2025/07/17 11:00:00,,866.39,,
2025/07/17 11:15:00,,867.05,,
2025/07/17 11:30:00,,879.3,,
2025/07/17 11:45:00,,874.17,,
2025/07/17 12:00:00,,875.66,,
2025/07/17 12:15:00,,869.2,,
2025/07/17 12:30:00,,745.05,,
2025/07/17 12:45:00,,753.16,,
2025/07/17 13:00:00,,784.62,,
2025/07/17 13:15:00,,798.52,,
2025/07/17 13:30:00,,845.03,,
2025/07/17 13:45:00,,847.35,,
2025/07/17 14:00:00,,843.88,,
2025/07/17 14:15:00,,844.04,,
2025/07/17 14:30:00,,847.35,,
2025/07/17 14:45:00,,846.52,,
2025/07/17 15:00:00,,851.99,,
2025/07/17 15:15:00,,847.19,,
2025/07/17 15:30:00,,846.36,,
2025/07/17 15:45:00,,843.21,,
2025/07/17 16:00:00,,793.55,,
2025/07/17 16:15:00,,768.72,,
2025/07/17 16:30:00,,748.36,,
2025/07/17 16:45:00,,743.89,,
2025/07/17 17:00:00,,744.56,,
2025/07/17 17:15:00,,878.64,,
2025/07/17 17:30:00,,865.56,,
2025/07/17 17:45:00,,859.1,,
2025/07/17 18:00:00,,857.61,,
2025/07/17 18:15:00,,849.83,,
2025/07/17 18:30:00,,849.67,,
2025/07/17 18:45:00,,852.15,,
2025/07/17 19:00:00,,851.32,,
2025/07/17 19:15:00,,851.49,,
2025/07/17 19:30:00,,854.14,,
2025/07/17 19:45:00,,853.31,,
2025/07/17 20:00:00,,853.48,,
2025/07/17 20:15:00,,848.68,,
2025/07/17 20:30:00,,853.48,,
2025/07/17 20:45:00,,849.67,,
2025/07/17 21:00:00,,846.03,,
2025/07/17 21:15:00,,863.08,,
2025/07/17 21:30:00,,912.4,,
2025/07/17 21:45:00,,0.0,,
2025/07/17 22:00:00,,0.0,,
2025/07/17 22:15:00,,0.0,,
2025/07/17 22:30:00,,0.0,,
2025/07/17 22:45:00,,0.0,,
2025/07/17 23:00:00,,0.0,,
2025/07/17 23:15:00,,0.0,,
2025/07/17 23:30:00,,0.0,,
2025/07/17 23:45:00,,0.0,,
2025/07/18 00:00:00,,0.0,,
2025/07/18 00:15:00,,0.0,,
2025/07/18 00:30:00,,0.0,,
2025/07/18 00:45:00,,0.0,,
2025/07/18 01:00:00,,0.0,,
2025/07/18 01:15:00,,0.0,,
2025/07/18 01:30:00,,0.0,,
2025/07/18 01:45:00,,0.0,,
2025/07/18 02:00:00,,0.0,,
2025/07/18 02:15:00,,0.0,,
2025/07/18 02:30:00,,0.0,,
2025/07/18 02:45:00,,0.0,,
2025/07/18 03:00:00,,0.0,,
2025/07/18 03:15:00,,0.0,,
2025/07/18 03:30:00,,0.0,,
2025/07/18 03:45:00,,0.0,,
2025/07/18 04:00:00,,0.0,,
2025/07/18 04:15:00,,0.0,,
2025/07/18 04:30:00,,0.0,,
2025/07/18 04:45:00,,0.0,,
2025/07/18 05:00:00,,0.0,,
2025/07/18 05:15:00,,0.0,,
2025/07/18 05:30:00,,0.0,,
2025/07/18 05:45:00,,0.0,,
2025/07/18 06:00:00,,0.0,,
2025/07/18 06:15:00,,0.0,,
2025/07/18 06:30:00,,0.0,,
2025/07/18 06:45:00,,0.0,,
2025/07/18 07:00:00,,0.0,,
2025/07/18 07:15:00,,0.0,,
2025/07/18 07:30:00,,0.0,,
2025/07/18 07:45:00,,0.0,,
2025/07/18 08:00:00,,0.0,,
2025/07/18 08:15:00,,0.0,,
2025/07/18 08:30:00,,0.0,,
2025/07/18 08:45:00,,0.0,,
2025/07/18 09:00:00,,0.0,,
2025/07/18 09:15:00,,840.23,,
2025/07/18 09:30:00,,783.46,,
2025/07/18 09:45:00,,772.2,,
2025/07/18 10:00:00,,849.34,,
2025/07/18 10:15:00,,877.15,,
2025/07/18 10:30:00,,871.02,,
2025/07/18 10:45:00,,859.43,,
2025/07/18 11:00:00,,849.5,,
2025/07/18 11:15:00,,842.39,,
2025/07/18 11:30:00,,822.03,,
2025/07/18 11:45:00,,797.2,,
2025/07/18 12:00:00,,787.93,,
2025/07/18 12:15:00,,783.13,,
2025/07/18 12:30:00,,821.86,,
2025/07/18 12:45:00,,825.67,,
2025/07/18 13:00:00,,825.83,,
2025/07/18 13:15:00,,823.18,,
2025/07/18 13:30:00,,822.36,,
2025/07/18 13:45:00,,819.05,,
2025/07/18 14:00:00,,810.27,,
2025/07/18 14:15:00,,806.63,,
2025/07/18 14:30:00,,799.84,,
2025/07/18 14:45:00,,794.05,,
2025/07/18 15:00:00,,783.95,,
2025/07/18 15:15:00,,768.89,,
2025/07/18 15:30:00,,764.92,,
2025/07/18 15:45:00,,755.15,,
2025/07/18 16:00:00,,750.52,,
2025/07/18 16:15:00,,749.69,,
2025/07/18 16:30:00,,753.83,,
2025/07/18 16:45:00,,753.16,,
2025/07/18 17:00:00,,755.15,,
2025/07/18 17:15:00,,751.84,,
2025/07/18 17:30:00,,752.5,,
2025/07/18 17:45:00,,754.32,,
2025/07/18 18:00:00,,785.77,,
2025/07/18 18:15:00,,777.99,,
2025/07/18 18:30:00,,757.63,,
2025/07/18 18:45:00,,758.46,,
2025/07/18 19:00:00,,758.46,,
2025/07/18 19:15:00,,755.32,,
2025/07/18 19:30:00,,756.14,,
2025/07/18 19:45:00,,757.96,,
2025/07/18 20:00:00,,760.78,,
2025/07/18 20:15:00,,759.62,,
2025/07/18 20:30:00,,755.48,,
2025/07/18 20:45:00,,729.82,,
2025/07/18 21:00:00,,709.63,,
2025/07/18 21:15:00,,862.25,,
2025/07/18 21:30:00,,794.05,,
2025/07/18 21:45:00,,0.0,,
2025/07/18 22:00:00,,0.0,,
2025/07/18 22:15:00,,0.0,,
2025/07/18 22:30:00,,0.0,,
2025/07/18 22:45:00,,0.0,,
2025/07/18 23:00:00,,0.0,,
2025/07/18 23:15:00,,0.0,,
2025/07/18 23:30:00,,0.0,,
2025/07/18 23:45:00,,0.0,,
2025/07/19 00:00:00,,0.0,,
2025/07/19 00:15:00,,0.0,,
2025/07/19 00:30:00,,0.0,,
2025/07/19 00:45:00,,0.0,,
2025/07/19 01:00:00,,0.0,,
2025/07/19 01:15:00,,0.0,,
2025/07/19 01:30:00,,0.0,,
2025/07/19 01:45:00,,0.0,,
2025/07/19 02:00:00,,0.0,,
2025/07/19 02:15:00,,0.0,,
2025/07/19 02:30:00,,0.0,,
2025/07/19 02:45:00,,0.0,,
2025/07/19 03:00:00,,0.0,,
2025/07/19 03:15:00,,0.0,,
2025/07/19 03:30:00,,0.0,,
2025/07/19 03:45:00,,0.0,,
2025/07/19 04:00:00,,0.0,,
2025/07/19 04:15:00,,0.0,,
2025/07/19 04:30:00,,0.0,,
2025/07/19 04:45:00,,0.0,,
2025/07/19 05:00:00,,0.0,,
2025/07/19 05:15:00,,0.0,,
2025/07/19 05:30:00,,0.0,,
2025/07/19 05:45:00,,0.0,,
2025/07/19 06:00:00,,0.0,,
2025/07/19 06:15:00,,0.0,,
2025/07/19 06:30:00,,0.0,,
2025/07/19 06:45:00,,0.0,,
2025/07/19 07:00:00,,0.0,,
2025/07/19 07:15:00,,0.0,,
2025/07/19 07:30:00,,0.0,,
2025/07/19 07:45:00,,0.0,,
2025/07/19 08:00:00,,0.0,,
2025/07/19 08:15:00,,0.0,,
2025/07/19 08:30:00,,0.0,,
2025/07/19 08:45:00,,0.0,,
2025/07/19 09:00:00,,0.0,,
2025/07/19 09:15:00,,821.36,,
2025/07/19 09:30:00,,876.65,,
2025/07/19 09:45:00,,807.46,,
2025/07/19 10:00:00,,868.7,,
2025/07/19 10:15:00,,836.59,,
2025/07/19 10:30:00,,756.64,,
2025/07/19 10:45:00,,733.3,,
2025/07/19 11:00:00,,725.85,,
2025/07/19 11:15:00,,704.99,,
2025/07/19 11:30:00,,703.84,,
2025/07/19 11:45:00,,707.64,,
2025/07/19 12:00:00,,715.42,,
2025/07/19 12:15:00,,702.18,,
2025/07/19 12:30:00,,704.17,,
2025/07/19 12:45:00,,716.42,,
2025/07/19 13:00:00,,713.93,,
2025/07/19 13:15:00,,712.28,,
2025/07/19 13:30:00,,712.11,,
2025/07/19 13:45:00,,712.44,,
2025/07/19 14:00:00,,712.44,,
2025/07/19 14:15:00,,711.95,,
2025/07/19 14:30:00,,711.29,,
2025/07/19 14:45:00,,711.45,,
2025/07/19 15:00:00,,707.81,,
2025/07/19 15:15:00,,710.62,,
2025/07/19 15:30:00,,708.97,,
2025/07/19 15:45:00,,700.86,,
2025/07/19 16:00:00,,764.92,,
2025/07/19 16:15:00,,751.01,,
2025/07/19 16:30:00,,746.87,,
2025/07/19 16:45:00,,753.99,,
2025/07/19 17:00:00,,746.87,,
2025/07/19 17:15:00,,728.5,,
2025/07/19 17:30:00,,729.33,,
2025/07/19 17:45:00,,728.33,,
2025/07/19 18:00:00,,730.32,,
2025/07/19 18:15:00,,733.63,,
2025/07/19 18:30:00,,731.98,,
2025/07/19 18:45:00,,732.47,,
2025/07/19 19:00:00,,732.14,,
2025/07/19 19:15:00,,730.32,,
2025/07/19 19:30:00,,724.53,,
2025/07/19 19:45:00,,719.89,,
2025/07/19 20:00:00,,724.03,,
2025/07/19 20:15:00,,723.04,,
2025/07/19 20:30:00,,722.54,,
2025/07/19 20:45:00,,721.55,,
2025/07/19 21:00:00,,722.38,,
2025/07/19 21:15:00,,659.64,,
2025/07/19 21:30:00,,0.0,,
2025/07/19 21:45:00,,0.0,,
2025/07/19 22:00:00,,0.0,,
2025/07/19 22:15:00,,0.0,,
2025/07/19 22:30:00,,0.0,,
2025/07/19 22:45:00,,0.0,,
2025/07/19 23:00:00,,0.0,,
2025/07/19 23:15:00,,0.0,,
2025/07/19 23:30:00,,0.0,,
2025/07/19 23:45:00,,0.0,,
2025/07/20 00:00:00,,0.0,,
2025/07/20 00:15:00,,0.0,,
2025/07/20 00:30:00,,0.0,,
2025/07/20 00:45:00,,0.0,,
2025/07/20 01:00:00,,0.0,,
2025/07/20 01:15:00,,0.0,,
2025/07/20 01:30:00,,0.0,,
2025/07/20 01:45:00,,0.0,,
2025/07/20 02:00:00,,0.0,,
2025/07/20 02:15:00,,0.0,,
2025/07/20 02:30:00,,0.0,,
2025/07/20 02:45:00,,0.0,,
2025/07/20 03:00:00,,0.0,,
2025/07/20 03:15:00,,0.0,,
2025/07/20 03:30:00,,0.0,,
2025/07/20 03:45:00,,0.0,,
2025/07/20 04:00:00,,0.0,,
2025/07/20 04:15:00,,0.0,,
2025/07/20 04:30:00,,0.0,,
2025/07/20 04:45:00,,0.0,,
2025/07/20 05:00:00,,0.0,,
2025/07/20 05:15:00,,0.0,,
2025/07/20 05:30:00,,0.0,,
2025/07/20 05:45:00,,0.0,,
2025/07/20 06:00:00,,0.0,,
2025/07/20 06:15:00,,0.0,,
2025/07/20 06:30:00,,0.0,,
2025/07/20 06:45:00,,0.0,,
2025/07/20 07:00:00,,0.0,,
2025/07/20 07:15:00,,0.0,,
2025/07/20 07:30:00,,0.0,,
2025/07/20 07:45:00,,0.0,,
2025/07/20 08:00:00,,0.0,,
2025/07/20 08:15:00,,0.0,,
2025/07/20 08:30:00,,0.0,,
2025/07/20 08:45:00,,0.0,,
2025/07/20 09:00:00,,0.0,,
2025/07/20 09:15:00,,0.0,,
2025/07/20 09:30:00,,0.0,,
2025/07/20 09:45:00,,873.17,,
2025/07/20 10:00:00,,871.85,,
2025/07/20 10:15:00,,860.1,,
2025/07/20 10:30:00,,847.52,,
2025/07/20 10:45:00,,845.36,,
2025/07/20 11:00:00,,806.63,,
2025/07/20 11:15:00,,780.48,,
2025/07/20 11:30:00,,851.66,,
2025/07/20 11:45:00,,843.71,,
2025/07/20 12:00:00,,838.25,,
2025/07/20 12:15:00,,835.1,,
2025/07/20 12:30:00,,833.12,,
2025/07/20 12:45:00,,807.96,,
2025/07/20 13:00:00,,804.15,,
2025/07/20 13:15:00,,805.14,,
2025/07/20 13:30:00,,800.34,,
2025/07/20 13:45:00,,795.87,,
2025/07/20 14:00:00,,800.51,,
2025/07/20 14:15:00,,806.96,,
2025/07/20 14:30:00,,806.8,,
2025/07/20 14:45:00,,810.27,,
2025/07/20 15:00:00,,805.8,,
2025/07/20 15:15:00,,806.63,,
2025/07/20 15:30:00,,803.15,,
2025/07/20 15:45:00,,804.48,,
2025/07/20 16:00:00,,804.81,,
2025/07/20 16:15:00,,804.31,,
2025/07/20 16:30:00,,806.13,,
2025/07/20 16:45:00,,805.47,,
2025/07/20 17:00:00,,810.6,,
2025/07/20 17:15:00,,806.63,,
2025/07/20 17:30:00,,812.76,,
2025/07/20 17:45:00,,812.76,,
2025/07/20 18:00:00,,814.58,,
2025/07/20 18:15:00,,811.43,,
2025/07/20 18:30:00,,813.09,,
2025/07/20 18:45:00,,809.78,,
2025/07/20 19:00:00,,808.29,,
2025/07/20 19:15:00,,806.96,,
2025/07/20 19:30:00,,808.62,,
2025/07/20 19:45:00,,806.8,,
2025/07/20 20:00:00,,804.15,,
2025/07/20 20:15:00,,802.82,,
2025/07/20 20:30:00,,799.51,,
2025/07/20 20:45:00,,782.79,,
2025/07/20 21:00:00,,677.85,,
2025/07/20 21:15:00,,678.51,,
2025/07/20 21:30:00,,831.79,,
2025/07/20 21:45:00,,0.0,,
2025/07/20 22:00:00,,0.0,,
2025/07/20 22:15:00,,0.0,,
2025/07/20 22:30:00,,0.0,,
2025/07/20 22:45:00,,0.0,,
2025/07/20 23:00:00,,0.0,,
2025/07/20 23:15:00,,0.0,,
2025/07/20 23:30:00,,0.0,,
2025/07/20 23:45:00,,0.0,,
2025/07/21 00:00:00,,0.0,,
2025/07/21 00:15:00,,0.0,,
2025/07/21 00:30:00,,0.0,,
2025/07/21 00:45:00,,0.0,,
2025/07/21 01:00:00,,0.0,,
2025/07/21 01:15:00,,0.0,,
2025/07/21 01:30:00,,0.0,,
2025/07/21 01:45:00,,0.0,,
2025/07/21 02:00:00,,0.0,,
2025/07/21 02:15:00,,0.0,,
2025/07/21 02:30:00,,0.0,,
2025/07/21 02:45:00,,0.0,,
2025/07/21 03:00:00,,0.0,,
2025/07/21 03:15:00,,0.0,,
2025/07/21 03:30:00,,0.0,,
2025/07/21 03:45:00,,0.0,,
2025/07/21 04:00:00,,0.0,,
2025/07/21 04:15:00,,0.0,,
2025/07/21 04:30:00,,0.0,,
2025/07/21 04:45:00,,0.0,,
2025/07/21 05:00:00,,0.0,,
2025/07/21 05:15:00,,0.0,,
2025/07/21 05:30:00,,0.0,,
2025/07/21 05:45:00,,0.0,,
2025/07/21 06:00:00,,0.0,,
2025/07/21 06:15:00,,0.0,,
2025/07/21 06:30:00,,0.0,,
2025/07/21 06:45:00,,0.0,,
2025/07/21 07:00:00,,0.0,,
2025/07/21 07:15:00,,0.0,,
2025/07/21 07:30:00,,0.0,,
2025/07/21 07:45:00,,0.0,,
2025/07/21 08:00:00,,0.0,,
2025/07/21 08:15:00,,0.0,,
2025/07/21 08:30:00,,0.0,,
2025/07/21 08:45:00,,0.0,,
2025/07/21 09:00:00,,400.09,,
2025/07/21 09:15:00,,784.62,,
2025/07/21 09:30:00,,798.52,,
2025/07/21 09:45:00,,835.76,,
2025/07/21 10:00:00,,826.0,,
2025/07/21 10:15:00,,831.63,,
2025/07/21 10:30:00,,838.74,,
2025/07/21 10:45:00,,832.29,,
2025/07/21 11:00:00,,824.34,,
2025/07/21 11:15:00,,820.7,,
2025/07/21 11:30:00,,769.39,,
2025/07/21 11:45:00,,766.41,,
2025/07/21 12:00:00,,772.03,,
2025/07/21 12:15:00,,766.24,,
2025/07/21 12:30:00,,764.59,,
2025/07/21 12:45:00,,767.4,,
2025/07/21 13:00:00,,765.41,,
2025/07/21 13:15:00,,768.06,,
2025/07/21 13:30:00,,768.06,,
2025/07/21 13:45:00,,767.4,,
2025/07/21 14:00:00,,769.39,,
2025/07/21 14:15:00,,770.71,,
2025/07/21 14:30:00,,769.72,,
2025/07/21 14:45:00,,768.23,,
2025/07/21 15:00:00,,769.88,,
2025/07/21 15:15:00,,768.89,,
2025/07/21 15:30:00,,765.74,,
2025/07/21 15:45:00,,765.08,,
2025/07/21 16:00:00,,766.9,,
2025/07/21 16:15:00,,742.9,,
2025/07/21 16:30:00,,744.56,,
2025/07/21 16:45:00,,747.04,,
2025/07/21 17:00:00,,749.85,,
2025/07/21 17:15:00,,745.05,,
2025/07/21 17:30:00,,750.68,,
2025/07/21 17:45:00,,748.53,,
2025/07/21 18:00:00,,733.8,,
2025/07/21 18:15:00,,743.4,,
2025/07/21 18:30:00,,750.35,,
2025/07/21 18:45:00,,751.18,,
2025/07/21 19:00:00,,744.89,,
2025/07/21 19:15:00,,746.71,,
2025/07/21 19:30:00,,754.32,,
2025/07/21 19:45:00,,756.47,,
2025/07/21 20:00:00,,759.45,,
2025/07/21 20:15:00,,758.63,,
2025/07/21 20:30:00,,758.13,,
2025/07/21 20:45:00,,755.65,,
2025/07/21 21:00:00,,0.0,,
2025/07/21 21:15:00,,0.0,,
2025/07/21 21:30:00,,0.0,,
2025/07/21 21:45:00,,0.0,,
2025/07/21 22:00:00,,0.0,,
2025/07/21 22:15:00,,0.0,,
2025/07/21 22:30:00,,0.0,,
2025/07/21 22:45:00,,0.0,,
2025/07/21 23:00:00,,0.0,,
2025/07/21 23:15:00,,0.0,,
2025/07/21 23:30:00,,0.0,,
2025/07/21 23:45:00,,0.0,,
2025/07/22 00:00:00,,0.0,,
2025/07/22 00:15:00,,0.0,,
2025/07/22 00:30:00,,0.0,,
2025/07/22 00:45:00,,0.0,,
2025/07/22 01:00:00,,0.0,,
2025/07/22 01:15:00,,0.0,,
2025/07/22 01:30:00,,0.0,,
2025/07/22 01:45:00,,0.0,,
2025/07/22 02:00:00,,0.0,,
2025/07/22 02:15:00,,0.0,,
2025/07/22 02:30:00,,0.0,,
2025/07/22 02:45:00,,0.0,,
2025/07/22 03:00:00,,0.0,,
2025/07/22 03:15:00,,0.0,,
2025/07/22 03:30:00,,0.0,,
2025/07/22 03:45:00,,0.0,,
2025/07/22 04:00:00,,0.0,,
2025/07/22 04:15:00,,0.0,,
2025/07/22 04:30:00,,0.0,,
2025/07/22 04:45:00,,0.0,,
2025/07/22 05:00:00,,0.0,,
2025/07/22 05:15:00,,0.0,,
2025/07/22 05:30:00,,0.0,,
2025/07/22 05:45:00,,0.0,,
2025/07/22 06:00:00,,0.0,,
2025/07/22 06:15:00,,0.0,,
2025/07/22 06:30:00,,0.0,,
2025/07/22 06:45:00,,0.0,,
2025/07/22 07:00:00,,0.0,,
2025/07/22 07:15:00,,0.0,,
2025/07/22 07:30:00,,0.0,,
2025/07/22 07:45:00,,0.0,,
2025/07/22 08:00:00,,0.0,,
2025/07/22 08:15:00,,0.0,,
2025/07/22 08:30:00,,0.0,,
2025/07/22 08:45:00,,0.0,,
2025/07/22 09:00:00,,0.0,,
2025/07/22 09:15:00,,0.0,,
2025/07/22 09:30:00,,0.0,,
2025/07/22 09:45:00,,0.0,,
2025/07/22 10:00:00,,0.0,,
2025/07/22 10:15:00,,0.0,,
2025/07/22 10:30:00,,0.0,,
2025/07/22 10:45:00,,0.0,,
2025/07/22 11:00:00,,0.0,,
2025/07/22 11:15:00,,0.0,,
2025/07/22 11:30:00,,0.0,,
2025/07/22 11:45:00,,470.27,,
2025/07/22 12:00:00,,848.51,,
2025/07/22 12:15:00,,790.74,,
2025/07/22 12:30:00,,788.42,,
2025/07/22 12:45:00,,784.95,,
2025/07/22 13:00:00,,791.57,,
2025/07/22 13:15:00,,829.81,,
2025/07/22 13:30:00,,809.61,,
2025/07/22 13:45:00,,789.75,,
2025/07/22 14:00:00,,786.27,,
2025/07/22 14:15:00,,786.77,,
2025/07/22 14:30:00,,783.79,,
2025/07/22 14:45:00,,746.71,,
2025/07/22 15:00:00,,750.85,,
2025/07/22 15:15:00,,775.35,,
2025/07/22 15:30:00,,777.0,,
2025/07/22 15:45:00,,779.32,,
2025/07/22 16:00:00,,775.84,,
2025/07/22 16:15:00,,775.01,,
2025/07/22 16:30:00,,772.37,,
2025/07/22 16:45:00,,773.86,,
2025/07/22 17:00:00,,773.86,,
2025/07/22 17:15:00,,777.66,,
2025/07/22 17:30:00,,774.35,,
2025/07/22 17:45:00,,750.35,,
2025/07/22 18:00:00,,751.01,,
2025/07/22 18:15:00,,750.18,,
2025/07/22 18:30:00,,752.83,,
2025/07/22 18:45:00,,752.17,,
2025/07/22 19:00:00,,752.67,,
2025/07/22 19:15:00,,748.36,,
2025/07/22 19:30:00,,757.3,,
2025/07/22 19:45:00,,749.85,,
2025/07/22 20:00:00,,742.57,,
2025/07/22 20:15:00,,747.37,,
2025/07/22 20:30:00,,698.04,,
2025/07/22 20:45:00,,683.31,,
2025/07/22 21:00:00,,682.48,,
2025/07/22 21:15:00,,785.44,,
2025/07/22 21:30:00,,787.59,,
2025/07/22 21:45:00,,0.0,,
2025/07/22 22:00:00,,0.0,,
2025/07/22 22:15:00,,0.0,,
2025/07/22 22:30:00,,0.0,,
2025/07/22 22:45:00,,0.0,,
2025/07/22 23:00:00,,0.0,,
2025/07/22 23:15:00,,0.0,,
2025/07/22 23:30:00,,0.0,,
2025/07/22 23:45:00,,0.0,,
2025/07/23 00:00:00,,0.0,,
2025/07/23 00:15:00,,0.0,,
2025/07/23 00:30:00,,0.0,,
2025/07/23 00:45:00,,0.0,,
2025/07/23 01:00:00,,0.0,,
2025/07/23 01:15:00,,0.0,,
2025/07/23 01:30:00,,0.0,,
2025/07/23 01:45:00,,0.0,,
2025/07/23 02:00:00,,0.0,,
2025/07/23 02:15:00,,0.0,,
2025/07/23 02:30:00,,0.0,,
2025/07/23 02:45:00,,0.0,,
2025/07/23 03:00:00,,0.0,,
2025/07/23 03:15:00,,0.0,,
2025/07/23 03:30:00,,0.0,,
2025/07/23 03:45:00,,0.0,,
2025/07/23 04:00:00,,0.0,,
2025/07/23 04:15:00,,0.0,,
2025/07/23 04:30:00,,0.0,,
2025/07/23 04:45:00,,0.0,,
2025/07/23 05:00:00,,0.0,,
2025/07/23 05:15:00,,0.0,,
2025/07/23 05:30:00,,0.0,,
2025/07/23 05:45:00,,0.0,,
2025/07/23 06:00:00,,0.0,,
2025/07/23 06:15:00,,0.0,,
2025/07/23 06:30:00,,0.0,,
2025/07/23 06:45:00,,0.0,,
2025/07/23 07:00:00,,0.0,,
2025/07/23 07:15:00,,0.0,,
2025/07/23 07:30:00,,0.0,,
2025/07/23 07:45:00,,0.0,,
2025/07/23 08:00:00,,0.0,,
2025/07/23 08:15:00,,0.0,,
2025/07/23 08:30:00,,0.0,,
2025/07/23 08:45:00,,0.0,,
2025/07/23 09:00:00,,631.66,,
2025/07/23 09:15:00,,771.87,,
2025/07/23 09:30:00,,825.83,,
2025/07/23 09:45:00,,866.06,,
2025/07/23 10:00:00,,687.45,,
2025/07/23 10:15:00,,890.72,,
2025/07/23 10:30:00,,730.98,,
2025/07/23 10:45:00,,842.72,,
2025/07/23 11:00:00,,886.09,,
2025/07/23 11:15:00,,866.88,,
2025/07/23 11:30:00,,886.42,,
2025/07/23 11:45:00,,872.35,,
2025/07/23 12:00:00,,860.92,,
2025/07/23 12:15:00,,849.34,,
2025/07/23 12:30:00,,849.34,,
2025/07/23 12:45:00,,844.04,,
2025/07/23 13:00:00,,840.23,,
2025/07/23 13:15:00,,833.28,,
2025/07/23 13:30:00,,824.34,,
2025/07/23 13:45:00,,796.53,,
2025/07/23 14:00:00,,797.53,,
2025/07/23 14:15:00,,793.22,,
2025/07/23 14:30:00,,794.22,,
2025/07/23 14:45:00,,789.91,,
2025/07/23 15:00:00,,790.08,,
2025/07/23 15:15:00,,782.46,,
2025/07/23 15:30:00,,770.21,,
2025/07/23 15:45:00,,757.96,,
2025/07/23 16:00:00,,636.47,,
2025/07/23 16:15:00,,740.42,,
2025/07/23 16:30:00,,827.98,,
2025/07/23 16:45:00,,801.17,,
2025/07/23 17:00:00,,765.74,,
2025/07/23 17:15:00,,765.74,,
2025/07/23 17:30:00,,768.23,,
2025/07/23 17:45:00,,768.72,,
2025/07/23 18:00:00,,768.56,,
2025/07/23 18:15:00,,768.89,,
2025/07/23 18:30:00,,763.1,,
2025/07/23 18:45:00,,763.1,,
2025/07/23 19:00:00,,765.91,,
2025/07/23 19:15:00,,766.08,,
2025/07/23 19:30:00,,764.42,,
2025/07/23 19:45:00,,765.25,,
2025/07/23 20:00:00,,761.28,,
2025/07/23 20:15:00,,765.58,,
2025/07/23 20:30:00,,754.49,,
2025/07/23 20:45:00,,740.75,,
2025/07/23 21:00:00,,733.96,,
2025/07/23 21:15:00,,0.0,,
2025/07/23 21:30:00,,0.0,,
2025/07/23 21:45:00,,0.0,,
2025/07/23 22:00:00,,0.0,,
2025/07/23 22:15:00,,0.0,,
2025/07/23 22:30:00,,0.0,,
2025/07/23 22:45:00,,0.0,,
2025/07/23 23:00:00,,0.0,,
2025/07/23 23:15:00,,0.0,,
2025/07/23 23:30:00,,0.0,,
2025/07/23 23:45:00,,0.0,,
2025/07/24 00:00:00,,0.0,,
2025/07/24 00:15:00,,0.0,,
2025/07/24 00:30:00,,0.0,,
2025/07/24 00:45:00,,0.0,,
2025/07/24 01:00:00,,0.0,,
2025/07/24 01:15:00,,0.0,,
2025/07/24 01:30:00,,0.0,,
2025/07/24 01:45:00,,0.0,,
2025/07/24 02:00:00,,0.0,,
2025/07/24 02:15:00,,0.0,,
2025/07/24 02:30:00,,0.0,,
2025/07/24 02:45:00,,0.0,,
2025/07/24 03:00:00,,0.0,,
2025/07/24 03:15:00,,0.0,,
2025/07/24 03:30:00,,0.0,,
2025/07/24 03:45:00,,0.0,,
2025/07/24 04:00:00,,0.0,,
2025/07/24 04:15:00,,0.0,,
2025/07/24 04:30:00,,0.0,,
2025/07/24 04:45:00,,0.0,,
2025/07/24 05:00:00,,0.0,,
2025/07/24 05:15:00,,0.0,,
2025/07/24 05:30:00,,0.0,,
2025/07/24 05:45:00,,0.0,,
2025/07/24 06:00:00,,0.0,,
2025/07/24 06:15:00,,0.0,,
2025/07/24 06:30:00,,0.0,,
2025/07/24 06:45:00,,0.0,,
2025/07/24 07:00:00,,0.0,,
2025/07/24 07:15:00,,0.0,,
2025/07/24 07:30:00,,0.0,,
2025/07/24 07:45:00,,0.0,,
2025/07/24 08:00:00,,0.0,,
2025/07/24 08:15:00,,0.0,,
2025/07/24 08:30:00,,0.0,,
2025/07/24 08:45:00,,0.0,,
2025/07/24 09:00:00,,0.0,,
2025/07/24 09:15:00,,803.15,,
2025/07/24 09:30:00,,847.35,,
2025/07/24 09:45:00,,839.24,,
2025/07/24 10:00:00,,839.41,,
2025/07/24 10:15:00,,836.92,,
2025/07/24 10:30:00,,838.58,,
2025/07/24 10:45:00,,843.71,,
2025/07/24 11:00:00,,830.96,,
2025/07/24 11:15:00,,824.51,,
2025/07/24 11:30:00,,842.05,,
2025/07/24 11:45:00,,826.16,,
2025/07/24 12:00:00,,825.67,,
2025/07/24 12:15:00,,825.5,,
2025/07/24 12:30:00,,821.53,,
2025/07/24 12:45:00,,823.35,,
2025/07/24 13:00:00,,819.54,,
2025/07/24 13:15:00,,821.69,,
2025/07/24 13:30:00,,820.37,,
2025/07/24 13:45:00,,820.54,,
2025/07/24 14:00:00,,815.57,,
2025/07/24 14:15:00,,811.76,,
2025/07/24 14:30:00,,797.86,,
2025/07/24 14:45:00,,790.91,,
2025/07/24 15:00:00,,780.81,,
2025/07/24 15:15:00,,776.34,,
2025/07/24 15:30:00,,768.56,,
2025/07/24 15:45:00,,772.86,,
2025/07/24 16:00:00,,772.53,,
2025/07/24 16:15:00,,768.23,,
2025/07/24 16:30:00,,766.74,,
2025/07/24 16:45:00,,765.08,,
2025/07/24 17:00:00,,766.08,,
2025/07/24 17:15:00,,767.07,,
2025/07/24 17:30:00,,768.72,,
2025/07/24 17:45:00,,760.94,,
2025/07/24 18:00:00,,770.21,,
2025/07/24 18:15:00,,769.55,,
2025/07/24 18:30:00,,771.04,,
2025/07/24 18:45:00,,770.88,,
2025/07/24 19:00:00,,772.03,,
2025/07/24 19:15:00,,772.03,,
2025/07/24 19:30:00,,766.9,,
2025/07/24 19:45:00,,768.56,,
2025/07/24 20:00:00,,772.03,,
2025/07/24 20:15:00,,767.9,,
2025/07/24 20:30:00,,765.25,,
2025/07/24 20:45:00,,768.23,,
2025/07/24 21:00:00,,763.92,,
2025/07/24 21:15:00,,860.76,,
2025/07/24 21:30:00,,901.15,,
2025/07/24 21:45:00,,0.0,,
2025/07/24 22:00:00,,0.0,,
2025/07/24 22:15:00,,0.0,,
2025/07/24 22:30:00,,0.0,,
2025/07/24 22:45:00,,0.0,,
2025/07/24 23:00:00,,0.0,,
2025/07/24 23:15:00,,0.0,,
2025/07/24 23:30:00,,0.0,,
2025/07/24 23:45:00,,0.0,,
2025/07/25 00:00:00,,0.0,,
2025/07/25 00:15:00,,0.0,,
2025/07/25 00:30:00,,0.0,,
2025/07/25 00:45:00,,0.0,,
2025/07/25 01:00:00,,0.0,,
2025/07/25 01:15:00,,0.0,,
2025/07/25 01:30:00,,0.0,,
2025/07/25 01:45:00,,0.0,,
2025/07/25 02:00:00,,0.0,,
2025/07/25 02:15:00,,0.0,,
2025/07/25 02:30:00,,0.0,,
2025/07/25 02:45:00,,0.0,,
2025/07/25 03:00:00,,0.0,,
2025/07/25 03:15:00,,0.0,,
2025/07/25 03:30:00,,0.0,,
2025/07/25 03:45:00,,0.0,,
2025/07/25 04:00:00,,0.0,,
2025/07/25 04:15:00,,0.0,,
2025/07/25 04:30:00,,0.0,,
2025/07/25 04:45:00,,0.0,,
2025/07/25 05:00:00,,0.0,,
2025/07/25 05:15:00,,0.0,,
2025/07/25 05:30:00,,0.0,,
2025/07/25 05:45:00,,0.0,,
2025/07/25 06:00:00,,0.0,,
2025/07/25 06:15:00,,0.0,,
2025/07/25 06:30:00,,0.0,,
2025/07/25 06:45:00,,0.0,,
2025/07/25 07:00:00,,0.0,,
2025/07/25 07:15:00,,0.0,,
2025/07/25 07:30:00,,0.0,,
2025/07/25 07:45:00,,0.0,,
2025/07/25 08:00:00,,0.0,,
2025/07/25 08:15:00,,0.0,,
2025/07/25 08:30:00,,0.0,,
2025/07/25 08:45:00,,0.0,,
2025/07/25 09:00:00,,0.0,,
2025/07/25 09:15:00,,747.54,,
2025/07/25 09:30:00,,862.41,,
2025/07/25 09:45:00,,723.87,,
2025/07/25 10:00:00,,846.69,,
2025/07/25 10:15:00,,881.28,,
2025/07/25 10:30:00,,868.87,,
2025/07/25 10:45:00,,854.97,,
2025/07/25 11:00:00,,840.73,,
2025/07/25 11:15:00,,795.21,,
2025/07/25 11:30:00,,791.07,,
2025/07/25 11:45:00,,809.44,,
2025/07/25 12:00:00,,807.79,,
2025/07/25 12:15:00,,806.3,,
2025/07/25 12:30:00,,804.64,,
2025/07/25 12:45:00,,805.64,,
2025/07/25 13:00:00,,804.64,,
2025/07/25 13:15:00,,802.0,,
2025/07/25 13:30:00,,799.02,,
2025/07/25 13:45:00,,802.49,,
2025/07/25 14:00:00,,794.88,,
2025/07/25 14:15:00,,800.51,,
2025/07/25 14:30:00,,798.69,,
2025/07/25 14:45:00,,796.53,,
2025/07/25 15:00:00,,748.03,,
2025/07/25 15:15:00,,815.73,,
2025/07/25 15:30:00,,786.77,,
2025/07/25 15:45:00,,778.99,,
2025/07/25 16:00:00,,782.3,,
2025/07/25 16:15:00,,783.29,,
2025/07/25 16:30:00,,783.46,,
2025/07/25 16:45:00,,784.78,,
2025/07/25 17:00:00,,785.61,,
2025/07/25 17:15:00,,789.58,,
2025/07/25 17:30:00,,790.41,,
2025/07/25 17:45:00,,788.75,,
2025/07/25 18:00:00,,791.9,,
2025/07/25 18:15:00,,790.24,,
2025/07/25 18:30:00,,792.56,,
2025/07/25 18:45:00,,793.39,,
2025/07/25 19:00:00,,793.88,,
2025/07/25 19:15:00,,794.55,,
2025/07/25 19:30:00,,793.39,,
2025/07/25 19:45:00,,795.37,,
2025/07/25 20:00:00,,793.22,,
2025/07/25 20:15:00,,793.88,,
2025/07/25 20:30:00,,792.56,,
2025/07/25 20:45:00,,790.91,,
2025/07/25 21:00:00,,761.94,,
2025/07/25 21:15:00,,680.5,,
2025/07/25 21:30:00,,646.89,,
2025/07/25 21:45:00,,0.0,,
2025/07/25 22:00:00,,0.0,,
2025/07/25 22:15:00,,0.0,,
2025/07/25 22:30:00,,0.0,,
2025/07/25 22:45:00,,0.0,,
2025/07/25 23:00:00,,0.0,,
2025/07/25 23:15:00,,0.0,,
2025/07/25 23:30:00,,0.0,,
2025/07/25 23:45:00,,0.0,,
2025/07/26 00:00:00,,0.0,,
2025/07/26 00:15:00,,0.0,,
2025/07/26 00:30:00,,0.0,,
2025/07/26 00:45:00,,0.0,,
2025/07/26 01:00:00,,0.0,,
2025/07/26 01:15:00,,0.0,,
2025/07/26 01:30:00,,0.0,,
2025/07/26 01:45:00,,0.0,,
2025/07/26 02:00:00,,0.0,,
2025/07/26 02:15:00,,0.0,,
2025/07/26 02:30:00,,0.0,,
2025/07/26 02:45:00,,0.0,,
2025/07/26 03:00:00,,0.0,,
2025/07/26 03:15:00,,0.0,,
2025/07/26 03:30:00,,0.0,,
2025/07/26 03:45:00,,0.0,,
2025/07/26 04:00:00,,0.0,,
2025/07/26 04:15:00,,0.0,,
2025/07/26 04:30:00,,0.0,,
2025/07/26 04:45:00,,0.0,,
2025/07/26 05:00:00,,0.0,,
2025/07/26 05:15:00,,0.0,,
2025/07/26 05:30:00,,0.0,,
2025/07/26 05:45:00,,0.0,,
2025/07/26 06:00:00,,0.0,,
2025/07/26 06:15:00,,0.0,,
2025/07/26 06:30:00,,0.0,,
2025/07/26 06:45:00,,0.0,,
2025/07/26 07:00:00,,0.0,,
2025/07/26 07:15:00,,0.0,,
2025/07/26 07:30:00,,0.0,,
2025/07/26 07:45:00,,0.0,,
2025/07/26 08:00:00,,0.0,,
2025/07/26 08:15:00,,0.0,,
2025/07/26 08:30:00,,0.0,,
2025/07/26 08:45:00,,0.0,,
2025/07/26 09:00:00,,0.0,,
2025/07/26 09:15:00,,842.88,,
2025/07/26 09:30:00,,686.95,,
2025/07/26 09:45:00,,798.02,,
2025/07/26 10:00:00,,760.78,,
2025/07/26 10:15:00,,814.74,,
2025/07/26 10:30:00,,824.67,,
2025/07/26 10:45:00,,813.58,,
2025/07/26 11:00:00,,781.3,,
2025/07/26 11:15:00,,783.95,,
2025/07/26 11:30:00,,776.67,,
2025/07/26 11:45:00,,773.19,,
2025/07/26 12:00:00,,774.35,,
2025/07/26 12:15:00,,769.06,,
2025/07/26 12:30:00,,772.2,,
2025/07/26 12:45:00,,774.19,,
2025/07/26 13:00:00,,771.37,,
2025/07/26 13:15:00,,769.06,,
2025/07/26 13:30:00,,772.03,,
2025/07/26 13:45:00,,774.35,,
2025/07/26 14:00:00,,770.55,,
2025/07/26 14:15:00,,775.18,,
2025/07/26 14:30:00,,771.21,,
2025/07/26 14:45:00,,774.02,,
2025/07/26 15:00:00,,772.37,,
2025/07/26 15:15:00,,768.23,,
2025/07/26 15:30:00,,768.39,,
2025/07/26 15:45:00,,766.9,,
2025/07/26 16:00:00,,758.3,,
2025/07/26 16:15:00,,757.3,,
2025/07/26 16:30:00,,757.14,,
2025/07/26 16:45:00,,756.81,,
2025/07/26 17:00:00,,762.77,,
2025/07/26 17:15:00,,761.44,,
2025/07/26 17:30:00,,763.43,,
2025/07/26 17:45:00,,762.27,,
2025/07/26 18:00:00,,767.57,,
2025/07/26 18:15:00,,765.41,,
2025/07/26 18:30:00,,767.4,,
2025/07/26 18:45:00,,765.58,,
2025/07/26 19:00:00,,768.23,,
2025/07/26 19:15:00,,767.23,,
2025/07/26 19:30:00,,765.74,,
2025/07/26 19:45:00,,767.07,,
2025/07/26 20:00:00,,766.08,,
2025/07/26 20:15:00,,769.06,,
2025/07/26 20:30:00,,768.06,,
2025/07/26 20:45:00,,762.77,,
2025/07/26 21:00:00,,763.59,,
2025/07/26 21:15:00,,859.1,,
2025/07/26 21:30:00,,0.0,,
2025/07/26 21:45:00,,0.0,,
2025/07/26 22:00:00,,0.0,,
2025/07/26 22:15:00,,0.0,,
2025/07/26 22:30:00,,0.0,,
2025/07/26 22:45:00,,0.0,,
2025/07/26 23:00:00,,0.0,,
2025/07/26 23:15:00,,0.0,,
2025/07/26 23:30:00,,0.0,,
2025/07/26 23:45:00,,0.0,,
2025/07/27 00:00:00,,0.0,,
2025/07/27 00:15:00,,0.0,,
2025/07/27 00:30:00,,0.0,,
2025/07/27 00:45:00,,0.0,,
2025/07/27 01:00:00,,0.0,,
2025/07/27 01:15:00,,0.0,,
2025/07/27 01:30:00,,0.0,,
2025/07/27 01:45:00,,0.0,,
2025/07/27 02:00:00,,0.0,,
2025/07/27 02:15:00,,0.0,,
2025/07/27 02:30:00,,0.0,,
2025/07/27 02:45:00,,0.0,,
2025/07/27 03:00:00,,0.0,,
2025/07/27 03:15:00,,0.0,,
2025/07/27 03:30:00,,0.0,,
2025/07/27 03:45:00,,0.0,,
2025/07/27 04:00:00,,0.0,,
2025/07/27 04:15:00,,0.0,,
2025/07/27 04:30:00,,0.0,,
2025/07/27 04:45:00,,0.0,,
2025/07/27 05:00:00,,0.0,,
2025/07/27 05:15:00,,0.0,,
2025/07/27 05:30:00,,0.0,,
2025/07/27 05:45:00,,0.0,,
2025/07/27 06:00:00,,0.0,,
2025/07/27 06:15:00,,0.0,,
2025/07/27 06:30:00,,0.0,,
2025/07/27 06:45:00,,0.0,,
2025/07/27 07:00:00,,0.0,,
2025/07/27 07:15:00,,0.0,,
2025/07/27 07:30:00,,0.0,,
2025/07/27 07:45:00,,0.0,,
2025/07/27 08:00:00,,0.0,,
2025/07/27 08:15:00,,0.0,,
2025/07/27 08:30:00,,0.0,,
2025/07/27 08:45:00,,0.0,,
2025/07/27 09:00:00,,0.0,,
2025/07/27 09:15:00,,0.0,,
2025/07/27 09:30:00,,0.0,,
2025/07/27 09:45:00,,390.49,,
2025/07/27 10:00:00,,854.47,,
2025/07/27 10:15:00,,854.47,,
2025/07/27 10:30:00,,851.49,,
2025/07/27 10:45:00,,853.31,,
2025/07/27 11:00:00,,845.03,,
2025/07/27 11:15:00,,831.96,,
2025/07/27 11:30:00,,827.32,,
2025/07/27 11:45:00,,825.34,,
2025/07/27 12:00:00,,818.38,,
2025/07/27 12:15:00,,815.73,,
2025/07/27 12:30:00,,813.58,,
2025/07/27 12:45:00,,813.58,,
2025/07/27 13:00:00,,812.92,,
2025/07/27 13:15:00,,807.96,,
2025/07/27 13:30:00,,808.78,,
2025/07/27 13:45:00,,770.88,,
2025/07/27 14:00:00,,771.21,,
2025/07/27 14:15:00,,770.88,,
2025/07/27 14:30:00,,772.53,,
2025/07/27 14:45:00,,770.38,,
2025/07/27 15:00:00,,772.53,,
2025/07/27 15:15:00,,770.05,,
2025/07/27 15:30:00,,768.23,,
2025/07/27 15:45:00,,769.88,,
2025/07/27 16:00:00,,766.08,,
2025/07/27 16:15:00,,783.95,,
2025/07/27 16:30:00,,781.8,,
2025/07/27 16:45:00,,782.46,,
2025/07/27 17:00:00,,780.97,,
2025/07/27 17:15:00,,784.28,,
2025/07/27 17:30:00,,787.59,,
2025/07/27 17:45:00,,784.78,,
2025/07/27 18:00:00,,790.74,,
2025/07/27 18:15:00,,788.26,,
2025/07/27 18:30:00,,790.91,,
2025/07/27 18:45:00,,791.24,,
2025/07/27 19:00:00,,788.75,,
2025/07/27 19:15:00,,789.25,,
2025/07/27 19:30:00,,786.27,,
2025/07/27 19:45:00,,782.63,,
2025/07/27 20:00:00,,786.27,,
2025/07/27 20:15:00,,784.95,,
2025/07/27 20:30:00,,784.95,,
2025/07/27 20:45:00,,768.72,,
2025/07/27 21:00:00,,764.59,,
2025/07/27 21:15:00,,829.81,,
2025/07/27 21:30:00,,0.0,,
2025/07/27 21:45:00,,0.0,,
2025/07/27 22:00:00,,0.0,,
2025/07/27 22:15:00,,0.0,,
2025/07/27 22:30:00,,0.0,,
2025/07/27 22:45:00,,0.0,,
2025/07/27 23:00:00,,0.0,,
2025/07/27 23:15:00,,0.0,,
2025/07/27 23:30:00,,0.0,,
2025/07/27 23:45:00,,0.0,,
2025/07/28 00:00:00,,0.0,,
2025/07/28 00:15:00,,0.0,,
2025/07/28 00:30:00,,0.0,,
2025/07/28 00:45:00,,0.0,,
2025/07/28 01:00:00,,0.0,,
2025/07/28 01:15:00,,0.0,,
2025/07/28 01:30:00,,0.0,,
2025/07/28 01:45:00,,0.0,,
2025/07/28 02:00:00,,0.0,,
2025/07/28 02:15:00,,0.0,,
2025/07/28 02:30:00,,0.0,,
2025/07/28 02:45:00,,0.0,,
2025/07/28 03:00:00,,0.0,,
2025/07/28 03:15:00,,0.0,,
2025/07/28 03:30:00,,0.0,,
2025/07/28 03:45:00,,0.0,,
2025/07/28 04:00:00,,0.0,,
2025/07/28 04:15:00,,1.99,,
2025/07/28 04:30:00,,0.0,,
2025/07/28 04:45:00,,0.0,,
2025/07/28 05:00:00,,0.0,,
2025/07/28 05:15:00,,0.0,,
2025/07/28 05:30:00,,0.0,,
2025/07/28 05:45:00,,0.0,,
2025/07/28 06:00:00,,0.0,,
2025/07/28 06:15:00,,0.0,,
2025/07/28 06:30:00,,0.0,,
2025/07/28 06:45:00,,0.0,,
2025/07/28 07:00:00,,0.0,,
2025/07/28 07:15:00,,0.0,,
2025/07/28 07:30:00,,0.0,,
2025/07/28 07:45:00,,0.0,,
2025/07/28 08:00:00,,0.0,,
2025/07/28 08:15:00,,0.0,,
2025/07/28 08:30:00,,0.0,,
2025/07/28 08:45:00,,0.0,,
2025/07/28 09:00:00,,0.0,,
2025/07/28 09:15:00,,695.73,,
2025/07/28 09:30:00,,704.17,,
2025/07/28 09:45:00,,826.0,,
2025/07/28 10:00:00,,847.35,,
2025/07/28 10:15:00,,780.81,,
2025/07/28 10:30:00,,877.81,,
2025/07/28 10:45:00,,773.19,,
2025/07/28 11:00:00,,839.07,,
2025/07/28 11:15:00,,833.78,,
2025/07/28 11:30:00,,821.36,,
2025/07/28 11:45:00,,819.54,,
2025/07/28 12:00:00,,786.44,,
2025/07/28 12:15:00,,811.1,,
2025/07/28 12:30:00,,796.2,,
2025/07/28 12:45:00,,793.72,,
2025/07/28 13:00:00,,789.25,,
2025/07/28 13:15:00,,791.4,,
2025/07/28 13:30:00,,783.79,,
2025/07/28 13:45:00,,786.44,,
2025/07/28 14:00:00,,782.79,,
2025/07/28 14:15:00,,786.1,,
2025/07/28 14:30:00,,780.48,,
2025/07/28 14:45:00,,784.12,,
2025/07/28 15:00:00,,779.32,,
2025/07/28 15:15:00,,778.66,,
2025/07/28 15:30:00,,780.15,,
2025/07/28 15:45:00,,784.12,,
2025/07/28 16:00:00,,779.65,,
2025/07/28 16:15:00,,757.8,,
2025/07/28 16:30:00,,757.63,,
2025/07/28 16:45:00,,761.28,,
2025/07/28 17:00:00,,759.95,,
2025/07/28 17:15:00,,758.63,,
2025/07/28 17:30:00,,763.92,,
2025/07/28 17:45:00,,762.6,,
2025/07/28 18:00:00,,767.07,,
2025/07/28 18:15:00,,766.9,,
2025/07/28 18:30:00,,766.24,,
2025/07/28 18:45:00,,766.9,,
2025/07/28 19:00:00,,768.72,,
2025/07/28 19:15:00,,769.06,,
2025/07/28 19:30:00,,769.55,,
2025/07/28 19:45:00,,769.22,,
2025/07/28 20:00:00,,772.86,,
2025/07/28 20:15:00,,771.21,,
2025/07/28 20:30:00,,767.57,,
2025/07/28 20:45:00,,766.41,,
2025/07/28 21:00:00,,0.0,,
2025/07/28 21:15:00,,464.81,,
2025/07/28 21:30:00,,772.53,,
2025/07/28 21:45:00,,0.0,,
2025/07/28 22:00:00,,0.0,,
2025/07/28 22:15:00,,0.0,,
2025/07/28 22:30:00,,0.0,,
2025/07/28 22:45:00,,0.0,,
2025/07/28 23:00:00,,0.0,,
2025/07/28 23:15:00,,0.0,,
2025/07/28 23:30:00,,0.0,,
2025/07/28 23:45:00,,0.0,,
2025/07/29 00:00:00,,0.0,,
2025/07/29 00:15:00,,0.0,,
2025/07/29 00:30:00,,0.0,,
2025/07/29 00:45:00,,0.0,,
2025/07/29 01:00:00,,0.0,,
2025/07/29 01:15:00,,0.0,,
2025/07/29 01:30:00,,0.0,,
2025/07/29 01:45:00,,0.0,,
2025/07/29 02:00:00,,0.0,,
2025/07/29 02:15:00,,0.0,,
2025/07/29 02:30:00,,0.0,,
2025/07/29 02:45:00,,0.0,,
2025/07/29 03:00:00,,0.0,,
2025/07/29 03:15:00,,0.0,,
2025/07/29 03:30:00,,0.0,,
2025/07/29 03:45:00,,0.0,,
2025/07/29 04:00:00,,0.0,,
2025/07/29 04:15:00,,0.0,,
2025/07/29 04:30:00,,0.0,,
2025/07/29 04:45:00,,0.0,,
2025/07/29 05:00:00,,0.0,,
2025/07/29 05:15:00,,0.0,,
2025/07/29 05:30:00,,0.0,,
2025/07/29 05:45:00,,0.0,,
2025/07/29 06:00:00,,0.0,,
2025/07/29 06:15:00,,0.0,,
2025/07/29 06:30:00,,0.0,,
2025/07/29 06:45:00,,0.0,,
2025/07/29 07:00:00,,0.0,,
2025/07/29 07:15:00,,0.0,,
2025/07/29 07:30:00,,0.0,,
2025/07/29 07:45:00,,0.0,,
2025/07/29 08:00:00,,0.0,,
2025/07/29 08:15:00,,0.0,,
2025/07/29 08:30:00,,0.0,,
2025/07/29 08:45:00,,0.0,,
2025/07/29 09:00:00,,0.0,,
2025/07/29 09:15:00,,0.0,,
2025/07/29 09:30:00,,0.0,,
2025/07/29 09:45:00,,0.0,,
2025/07/29 10:00:00,,0.0,,
2025/07/29 10:15:00,,0.0,,
2025/07/29 10:30:00,,832.95,,
2025/07/29 10:45:00,,666.43,,
2025/07/29 11:00:00,,816.23,,
2025/07/29 11:15:00,,849.34,,
2025/07/29 11:30:00,,866.72,,
2025/07/29 11:45:00,,846.69,,
2025/07/29 12:00:00,,840.23,,
2025/07/29 12:15:00,,829.81,,
2025/07/29 12:30:00,,826.66,,
2025/07/29 12:45:00,,824.67,,
2025/07/29 13:00:00,,817.39,,
2025/07/29 13:15:00,,820.7,,
2025/07/29 13:30:00,,810.11,,
2025/07/29 13:45:00,,789.58,,
2025/07/29 14:00:00,,788.59,,
2025/07/29 14:15:00,,788.42,,
2025/07/29 14:30:00,,790.08,,
2025/07/29 14:45:00,,780.64,,
2025/07/29 15:00:00,,779.32,,
2025/07/29 15:15:00,,779.98,,
2025/07/29 15:30:00,,764.75,,
2025/07/29 15:45:00,,763.1,,
2025/07/29 16:00:00,,764.25,,
2025/07/29 16:15:00,,763.76,,
2025/07/29 16:30:00,,765.74,,
2025/07/29 16:45:00,,763.1,,
2025/07/29 17:00:00,,764.42,,
2025/07/29 17:15:00,,764.75,,
2025/07/29 17:30:00,,761.61,,
2025/07/29 17:45:00,,752.34,,
2025/07/29 18:00:00,,759.62,,
2025/07/29 18:15:00,,754.99,,
2025/07/29 18:30:00,,816.89,,
2025/07/29 18:45:00,,814.91,,
2025/07/29 19:00:00,,813.91,,
2025/07/29 19:15:00,,798.52,,
2025/07/29 19:30:00,,774.52,,
2025/07/29 19:45:00,,775.35,,
2025/07/29 20:00:00,,778.99,,
2025/07/29 20:15:00,,774.35,,
2025/07/29 20:30:00,,773.69,,
2025/07/29 20:45:00,,769.22,,
2025/07/29 21:00:00,,734.79,,
2025/07/29 21:15:00,,0.0,,
2025/07/29 21:30:00,,0.0,,
2025/07/29 21:45:00,,0.0,,
2025/07/29 22:00:00,,0.0,,
2025/07/29 22:15:00,,0.0,,
2025/07/29 22:30:00,,0.0,,
2025/07/29 22:45:00,,0.0,,
2025/07/29 23:00:00,,0.0,,
2025/07/29 23:15:00,,0.0,,
2025/07/29 23:30:00,,0.0,,
2025/07/29 23:45:00,,0.0,,
2025/07/30 00:00:00,,0.0,,
2025/07/30 00:15:00,,0.0,,
2025/07/30 00:30:00,,0.0,,
2025/07/30 00:45:00,,0.0,,
2025/07/30 01:00:00,,0.0,,
2025/07/30 01:15:00,,0.0,,
2025/07/30 01:30:00,,0.0,,
2025/07/30 01:45:00,,0.0,,
2025/07/30 02:00:00,,0.0,,
2025/07/30 02:15:00,,0.0,,
2025/07/30 02:30:00,,0.0,,
2025/07/30 02:45:00,,0.0,,
2025/07/30 03:00:00,,0.0,,
2025/07/30 03:15:00,,0.0,,
2025/07/30 03:30:00,,0.0,,
2025/07/30 03:45:00,,0.0,,
2025/07/30 04:00:00,,0.0,,
2025/07/30 04:15:00,,0.0,,
2025/07/30 04:30:00,,0.0,,
2025/07/30 04:45:00,,0.0,,
2025/07/30 05:00:00,,0.0,,
2025/07/30 05:15:00,,0.0,,
2025/07/30 05:30:00,,0.0,,
2025/07/30 05:45:00,,0.0,,
2025/07/30 06:00:00,,0.0,,
2025/07/30 06:15:00,,0.0,,
2025/07/30 06:30:00,,0.0,,
2025/07/30 06:45:00,,0.0,,
2025/07/30 07:00:00,,0.0,,
2025/07/30 07:15:00,,0.0,,
2025/07/30 07:30:00,,0.0,,
2025/07/30 07:45:00,,0.0,,
2025/07/30 08:00:00,,0.0,,
2025/07/30 08:15:00,,0.0,,
2025/07/30 08:30:00,,0.0,,
2025/07/30 08:45:00,,0.0,,
2025/07/30 09:00:00,,0.0,,
2025/07/30 09:15:00,,0.0,,
2025/07/30 09:30:00,,0.0,,
2025/07/30 09:45:00,,807.96,,
2025/07/30 10:00:00,,771.87,,
2025/07/30 10:15:00,,796.04,,
2025/07/30 10:30:00,,824.67,,
2025/07/30 10:45:00,,834.94,,
2025/07/30 11:00:00,,820.37,,
2025/07/30 11:15:00,,810.44,,
2025/07/30 11:30:00,,807.96,,
2025/07/30 11:45:00,,799.84,,
2025/07/30 12:00:00,,801.0,,
2025/07/30 12:15:00,,794.38,,
2025/07/30 12:30:00,,790.24,,
2025/07/30 12:45:00,,758.79,,
2025/07/30 13:00:00,,761.77,,
2025/07/30 13:15:00,,760.28,,
2025/07/30 13:30:00,,757.96,,
2025/07/30 13:45:00,,758.13,,
2025/07/30 14:00:00,,757.3,,
2025/07/30 14:15:00,,762.27,,
2025/07/30 14:30:00,,757.3,,
2025/07/30 14:45:00,,755.32,,
2025/07/30 15:00:00,,754.65,,
2025/07/30 15:15:00,,749.03,,
2025/07/30 15:30:00,,748.53,,
2025/07/30 15:45:00,,748.2,,
2025/07/30 16:00:00,,752.01,,
2025/07/30 16:15:00,,750.02,,
2025/07/30 16:30:00,,747.87,,
2025/07/30 16:45:00,,754.16,,
2025/07/30 17:00:00,,753.99,,
2025/07/30 17:15:00,,754.82,,
2025/07/30 17:30:00,,755.81,,
2025/07/30 17:45:00,,756.47,,
2025/07/30 18:00:00,,757.96,,
2025/07/30 18:15:00,,758.13,,
2025/07/30 18:30:00,,759.12,,
2025/07/30 18:45:00,,757.14,,
2025/07/30 19:00:00,,759.45,,
2025/07/30 19:15:00,,756.64,,
2025/07/30 19:30:00,,760.28,,
2025/07/30 19:45:00,,758.96,,
2025/07/30 20:00:00,,759.12,,
2025/07/30 20:15:00,,760.45,,
2025/07/30 20:30:00,,758.46,,
2025/07/30 20:45:00,,755.48,,
2025/07/30 21:00:00,,745.05,,
2025/07/30 21:15:00,,744.89,,
2025/07/30 21:30:00,,698.87,,
2025/07/30 21:45:00,,0.0,,
2025/07/30 22:00:00,,0.0,,
2025/07/30 22:15:00,,0.0,,
2025/07/30 22:30:00,,0.0,,
2025/07/30 22:45:00,,0.0,,
2025/07/30 23:00:00,,0.0,,
2025/07/30 23:15:00,,0.0,,
2025/07/30 23:30:00,,0.0,,
2025/07/30 23:45:00,,0.0,,
2026/05/21 00:00:00,0.0,0.0,,3.97
2026/05/21 00:15:00,0.0,0.0,,3.81
2026/05/21 00:30:00,0.0,0.0,,3.97
2026/05/21 00:45:00,0.0,0.0,,3.81
2026/05/21 01:00:00,0.0,0.0,,3.97
2026/05/21 01:15:00,0.0,0.0,,3.81
2026/05/21 01:30:00,0.0,0.0,,3.97
2026/05/21 01:45:00,0.0,0.0,,0.0
2026/05/21 02:00:00,0.0,0.0,,0.0
2026/05/21 02:15:00,0.0,0.0,,3.97
2026/05/21 02:30:00,0.0,0.0,,3.97
2026/05/21 02:45:00,0.0,0.0,,3.81
2026/05/21 03:00:00,0.0,0.0,,4.14
2026/05/21 03:15:00,0.0,0.0,,3.97
2026/05/21 03:30:00,0.0,0.0,,3.97
2026/05/21 03:45:00,0.0,0.0,,3.81
2026/05/21 04:00:00,0.0,0.0,,3.97
2026/05/21 04:15:00,0.0,0.0,,3.97
2026/05/21 04:30:00,0.0,0.0,,3.97
2026/05/21 04:45:00,0.0,0.0,,3.97
2026/05/21 05:00:00,0.0,0.0,,3.81
2026/05/21 05:15:00,0.0,0.0,,3.97
2026/05/21 05:30:00,0.0,0.0,,3.81
2026/05/21 05:45:00,0.0,0.0,,3.81
2026/05/21 06:00:00,0.0,0.0,,0.0
2026/05/21 06:15:00,0.0,0.0,,3.81
2026/05/21 06:30:00,0.0,0.0,,0.0
2026/05/21 06:45:00,0.0,0.0,,0.0
2026/05/21 07:00:00,0.0,0.0,,0.0
2026/05/21 07:15:00,0.0,0.0,,0.0
2026/05/21 07:30:00,0.0,0.0,,0.0
2026/05/21 07:45:00,0.0,0.0,,0.0
2026/05/21 08:00:00,0.0,0.0,,0.0
2026/05/21 08:15:00,0.0,0.0,,0.0
2026/05/21 08:30:00,0.0,0.0,,0.0
2026/05/21 08:45:00,0.0,0.0,,0.0
2026/05/21 09:00:00,0.0,0.0,,0.0
2026/05/21 09:15:00,0.0,0.0,,0.0
2026/05/21 09:30:00,0.0,0.0,,0.0
2026/05/21 09:45:00,0.0,0.0,,113.72
2026/05/21 10:00:00,0.0,883.44,,113.22
2026/05/21 10:15:00,0.0,896.84,,112.89
2026/05/21 10:30:00,0.0,892.21,,113.06
2026/05/21 10:45:00,0.0,747.04,,188.37
2026/05/21 11:00:00,0.0,747.7,,188.21
2026/05/21 11:15:00,0.0,864.07,,187.88
2026/05/21 11:30:00,0.0,841.06,,188.21
2026/05/21 11:45:00,0.0,830.8,,188.21
2026/05/21 12:00:00,0.0,835.76,,187.88
2026/05/21 12:15:00,0.0,827.49,,188.04
2026/05/21 12:30:00,0.0,819.38,,188.04
2026/05/21 12:45:00,0.0,750.85,,188.21
2026/05/21 13:00:00,0.0,732.31,,188.21
2026/05/21 13:15:00,0.0,728.33,,188.04
2026/05/21 13:30:00,0.0,724.36,,188.04
2026/05/21 13:45:00,0.0,722.54,,188.37
2026/05/21 14:00:00,0.0,721.38,,187.88
2026/05/21 14:15:00,0.0,718.9,,187.88
2026/05/21 14:30:00,0.0,718.24,,188.21
2026/05/21 14:45:00,0.0,702.51,,187.88
2026/05/21 15:00:00,0.0,685.96,,188.04
2026/05/21 15:15:00,0.0,667.25,,188.04
2026/05/21 15:30:00,0.0,664.77,,187.71
2026/05/21 15:45:00,0.0,662.78,,188.21
2026/05/21 16:00:00,0.0,665.1,,187.88
2026/05/21 16:15:00,0.0,659.64,,187.88
2026/05/21 16:30:00,0.0,648.55,,187.71
2026/05/21 16:45:00,0.0,658.48,,187.88
2026/05/21 17:00:00,0.0,674.7,,188.04
2026/05/21 17:15:00,0.0,691.26,,188.04
2026/05/21 17:30:00,0.0,687.12,,187.88
2026/05/21 17:45:00,0.0,687.45,,187.71
2026/05/21 18:00:00,0.0,705.66,,188.04
2026/05/21 18:15:00,0.0,704.33,,187.55
2026/05/21 18:30:00,0.0,705.99,,188.04
2026/05/21 18:45:00,0.0,711.78,,187.71
2026/05/21 19:00:00,0.0,709.96,,188.04
2026/05/21 19:15:00,0.0,686.95,,188.04
2026/05/21 19:30:00,0.0,705.16,,187.71
2026/05/21 19:45:00,0.0,709.8,,188.37
2026/05/21 20:00:00,0.0,713.77,,187.88
2026/05/21 20:15:00,0.0,707.48,,188.04
2026/05/21 20:30:00,0.0,698.04,,187.88
2026/05/21 20:45:00,0.0,680.33,,188.04
2026/05/21 21:00:00,0.0,0.0,,188.37
2026/05/21 21:15:00,0.0,0.0,,105.28
2026/05/21 21:30:00,0.0,0.0,,105.44
2026/05/21 21:45:00,0.0,0.0,,0.0
2026/05/21 22:00:00,0.0,0.0,,0.0
2026/05/21 22:15:00,0.0,0.0,,0.0
2026/05/21 22:30:00,0.0,0.0,,0.0
2026/05/21 22:45:00,0.0,0.0,,3.97
2026/05/21 23:00:00,0.0,0.0,,0.0
2026/05/21 23:15:00,0.0,0.0,,0.0
2026/05/21 23:30:00,0.0,0.0,,0.0
2026/05/21 23:45:00,0.0,0.0,,3.97
2026/05/22 00:00:00,0.0,0.0,,3.81
2026/05/22 00:15:00,0.0,0.0,,0.0
2026/05/22 00:30:00,0.0,0.0,,0.0
2026/05/22 00:45:00,0.0,0.0,,0.0
2026/05/22 01:00:00,0.0,0.0,,3.81
2026/05/22 01:15:00,0.0,0.0,,4.14
2026/05/22 01:30:00,0.0,0.0,,3.97
2026/05/22 01:45:00,0.0,0.0,,3.97
2026/05/22 02:00:00,0.0,0.0,,3.97
2026/05/22 02:15:00,0.0,0.0,,3.81
2026/05/22 02:30:00,0.0,0.0,,3.97
2026/05/22 02:45:00,0.0,0.0,,3.81
2026/05/22 03:00:00,0.0,0.0,,3.97
2026/05/22 03:15:00,0.0,0.0,,3.97
2026/05/22 03:30:00,0.0,0.0,,3.97
2026/05/22 03:45:00,0.0,0.0,,3.97
2026/05/22 04:00:00,0.0,0.0,,3.97
2026/05/22 04:15:00,0.0,0.0,,3.97
2026/05/22 04:30:00,0.0,0.0,,3.97
2026/05/22 04:45:00,0.0,0.0,,3.97
2026/05/22 05:00:00,0.0,0.0,,3.97
2026/05/22 05:15:00,0.0,0.0,,3.97
2026/05/22 05:30:00,0.0,0.0,,3.97
2026/05/22 05:45:00,0.0,0.0,,3.97
2026/05/22 06:00:00,0.0,0.0,,3.97
2026/05/22 06:15:00,0.0,0.0,,3.97
2026/05/22 06:30:00,0.0,0.0,,3.97
2026/05/22 06:45:00,0.0,0.0,,3.97
2026/05/22 07:00:00,0.0,0.0,,0.0
2026/05/22 07:15:00,0.0,0.0,,0.0
2026/05/22 07:30:00,0.0,0.0,,0.0
2026/05/22 07:45:00,0.0,0.0,,0.0
2026/05/22 08:00:00,0.0,0.0,,0.0
2026/05/22 08:15:00,0.0,0.0,,0.0
2026/05/22 08:30:00,0.0,0.0,,0.0
2026/05/22 08:45:00,0.0,0.0,,0.0
2026/05/22 09:00:00,0.0,0.0,,0.0
2026/05/22 09:15:00,0.0,0.0,,0.0
2026/05/22 09:30:00,0.0,0.0,,0.0
2026/05/22 09:45:00,748.53,0.0,,112.56
2026/05/22 10:00:00,818.71,0.0,,112.4
2026/05/22 10:15:00,812.42,0.0,,112.73
2026/05/22 10:30:00,808.62,0.0,,113.22
2026/05/22 10:45:00,809.11,0.0,,112.56
2026/05/22 11:00:00,804.48,0.0,,112.73
2026/05/22 11:15:00,809.44,0.0,,112.73
2026/05/22 11:30:00,803.98,0.0,,112.73
2026/05/22 11:45:00,812.42,0.0,,161.56
2026/05/22 12:00:00,811.27,0.0,,161.72
2026/05/22 12:15:00,808.95,0.0,,161.89
2026/05/22 12:30:00,805.8,0.0,,162.05
2026/05/22 12:45:00,811.1,0.0,,161.23
2026/05/22 13:00:00,808.95,0.0,,161.72
2026/05/22 13:15:00,803.65,0.0,,161.72
2026/05/22 13:30:00,804.64,0.0,,161.56
2026/05/22 13:45:00,810.77,0.0,,161.72
2026/05/22 14:00:00,805.31,0.0,,161.89
2026/05/22 14:15:00,814.41,0.0,,161.72
2026/05/22 14:30:00,810.93,0.0,,161.39
2026/05/22 14:45:00,807.79,0.0,,161.56
2026/05/22 15:00:00,809.11,0.0,,161.56
2026/05/22 15:15:00,810.27,0.0,,161.72
2026/05/22 15:30:00,810.11,0.0,,161.72
2026/05/22 15:45:00,808.95,0.0,,161.72
2026/05/22 16:00:00,815.4,0.0,,161.89
2026/05/22 16:15:00,811.93,0.0,,159.57
2026/05/22 16:30:00,757.63,0.0,,112.56
2026/05/22 16:45:00,824.67,0.0,,162.22
2026/05/22 17:00:00,820.54,0.0,,161.56
2026/05/22 17:15:00,825.0,0.0,,161.89
2026/05/22 17:30:00,826.66,0.0,,161.72
2026/05/22 17:45:00,830.47,0.0,,162.05
2026/05/22 18:00:00,830.14,0.0,,161.72
2026/05/22 18:15:00,829.47,0.0,,161.72
2026/05/22 18:30:00,824.51,0.0,,162.05
2026/05/22 18:45:00,824.01,0.0,,162.05
2026/05/22 19:00:00,821.03,0.0,,161.72
2026/05/22 19:15:00,825.34,0.0,,161.56
2026/05/22 19:30:00,822.69,0.0,,161.72
2026/05/22 19:45:00,822.52,0.0,,161.72
2026/05/22 20:00:00,823.18,0.0,,162.05
2026/05/22 20:15:00,824.67,0.0,,161.89
2026/05/22 20:30:00,823.85,0.0,,161.72
2026/05/22 20:45:00,817.89,0.0,,113.06
2026/05/22 21:00:00,821.69,0.0,,112.56
2026/05/22 21:15:00,812.59,0.0,,113.06
2026/05/22 21:30:00,0.0,0.0,,113.22
2026/05/22 21:45:00,0.0,0.0,,113.22
2026/05/22 22:00:00,0.0,0.0,,0.0
2026/05/22 22:15:00,0.0,0.0,,0.0
2026/05/22 22:30:00,0.0,0.0,,0.0
2026/05/22 22:45:00,0.0,0.0,,0.0
2026/05/22 23:00:00,0.0,0.0,,0.0
2026/05/22 23:15:00,0.0,0.0,,0.0
2026/05/22 23:30:00,0.0,0.0,,0.0
2026/05/22 23:45:00,0.0,0.0,,0.0
2026/05/23 00:00:00,0.0,0.0,,0.0
2026/05/23 00:15:00,0.0,0.0,,0.0
2026/05/23 00:30:00,0.0,0.0,,0.0
2026/05/23 00:45:00,0.0,0.0,,0.0
2026/05/23 01:00:00,0.0,0.0,,0.0
2026/05/23 01:15:00,0.0,0.0,,0.0
2026/05/23 01:30:00,0.0,0.0,,3.81
2026/05/23 01:45:00,0.0,0.0,,3.81
2026/05/23 02:00:00,0.0,0.0,,3.97
2026/05/23 02:15:00,0.0,0.0,,0.0
2026/05/23 02:30:00,0.0,0.0,,3.97
2026/05/23 02:45:00,0.0,0.0,,3.81
2026/05/23 03:00:00,0.0,0.0,,3.97
2026/05/23 03:15:00,0.0,0.0,,3.81
2026/05/23 03:30:00,0.0,0.0,,3.97
2026/05/23 03:45:00,0.0,0.0,,3.97
2026/05/23 04:00:00,0.0,0.0,,3.97
2026/05/23 04:15:00,0.0,0.0,,3.97
2026/05/23 04:30:00,0.0,0.0,,3.97
2026/05/23 04:45:00,0.0,0.0,,3.97
2026/05/23 05:00:00,0.0,0.0,,3.81
2026/05/23 05:15:00,0.0,0.0,,3.97
2026/05/23 05:30:00,0.0,0.0,,3.97
2026/05/23 05:45:00,0.0,0.0,,3.97
2026/05/23 06:00:00,0.0,0.0,,3.81
2026/05/23 06:15:00,0.0,0.0,,3.97
2026/05/23 06:30:00,0.0,0.0,,3.97
2026/05/23 06:45:00,0.0,0.0,,3.81
2026/05/23 07:00:00,0.0,0.0,,3.97
2026/05/23 07:15:00,0.0,0.0,,0.0
2026/05/23 07:30:00,0.0,0.0,,0.0
2026/05/23 07:45:00,0.0,0.0,,0.0
2026/05/23 08:00:00,0.0,0.0,,0.0
2026/05/23 08:15:00,0.0,0.0,,0.0
2026/05/23 08:30:00,0.0,0.0,,0.0
2026/05/23 08:45:00,0.0,0.0,,0.0
2026/05/23 09:00:00,0.0,0.0,,0.0
2026/05/23 09:15:00,0.0,0.0,,0.0
2026/05/23 09:30:00,0.0,0.0,,0.0
2026/05/23 09:45:00,0.0,545.42,,123.82
2026/05/23 10:00:00,0.0,876.48,,123.65
2026/05/23 10:15:00,0.0,869.2,,123.65
2026/05/23 10:30:00,0.0,874.66,,123.49
2026/05/23 10:45:00,0.0,872.02,,123.49
2026/05/23 11:00:00,0.0,877.97,,123.32
2026/05/23 11:15:00,0.0,873.51,,123.32
2026/05/23 11:30:00,0.0,872.35,,123.49
2026/05/23 11:45:00,0.0,873.17,,123.15
2026/05/23 12:00:00,0.0,871.52,,123.49
2026/05/23 12:15:00,0.0,868.37,,123.49
2026/05/23 12:30:00,0.0,867.05,,123.15
2026/05/23 12:45:00,0.0,867.38,,123.49
2026/05/23 13:00:00,0.0,865.06,,123.49
2026/05/23 13:15:00,0.0,867.38,,123.32
2026/05/23 13:30:00,0.0,866.22,,123.32
2026/05/23 13:45:00,0.0,865.73,,123.15
2026/05/23 14:00:00,0.0,868.7,,123.32
2026/05/23 14:15:00,0.0,866.22,,123.49
2026/05/23 14:30:00,0.0,869.86,,123.49
2026/05/23 14:45:00,0.0,866.22,,123.32
2026/05/23 15:00:00,0.0,861.92,,123.49
2026/05/23 15:15:00,0.0,870.03,,172.48
2026/05/23 15:30:00,0.0,873.01,,172.65
2026/05/23 15:45:00,0.0,872.35,,377.24
2026/05/23 16:00:00,0.0,873.01,,434.68
2026/05/23 16:15:00,0.0,875.99,,435.01
2026/05/23 16:30:00,0.0,871.19,,430.55
2026/05/23 16:45:00,0.0,874.99,,438.66
2026/05/23 17:00:00,0.0,882.44,,435.01
2026/05/23 17:15:00,0.0,881.28,,439.32
2026/05/23 17:30:00,0.0,882.44,,442.13
2026/05/23 17:45:00,0.0,880.79,,442.96
2026/05/23 18:00:00,0.0,881.95,,439.81
2026/05/23 18:15:00,0.0,881.78,,480.2
2026/05/23 18:30:00,0.0,880.13,,486.16
2026/05/23 18:45:00,0.0,883.27,,478.22
2026/05/23 19:00:00,0.0,882.61,,482.52
2026/05/23 19:15:00,0.0,879.3,,494.44
2026/05/23 19:30:00,0.0,878.64,,479.21
2026/05/23 19:45:00,0.0,879.13,,490.63
2026/05/23 20:00:00,0.0,883.6,,490.63
2026/05/23 20:15:00,0.0,882.44,,486.66
2026/05/23 20:30:00,0.0,886.75,,172.98
2026/05/23 20:45:00,0.0,880.95,,172.98
2026/05/23 21:00:00,0.0,881.62,,172.65
2026/05/23 21:15:00,0.0,878.47,,172.81
2026/05/23 21:30:00,0.0,0.0,,123.98
2026/05/23 21:45:00,0.0,0.0,,0.0
2026/05/23 22:00:00,0.0,0.0,,0.0
2026/05/23 22:15:00,0.0,0.0,,0.0
2026/05/23 22:30:00,0.0,0.0,,0.0
2026/05/23 22:45:00,0.0,0.0,,0.0
2026/05/23 23:00:00,0.0,0.0,,0.0
2026/05/23 23:15:00,0.0,0.0,,0.0
2026/05/23 23:30:00,0.0,0.0,,0.0
2026/05/23 23:45:00,0.0,0.0,,0.0
2026/05/24 00:00:00,0.0,0.0,,0.0
2026/05/24 00:15:00,0.0,0.0,,0.0
2026/05/24 00:30:00,0.0,0.0,,0.0
2026/05/24 00:45:00,0.0,0.0,,0.0
2026/05/24 01:00:00,0.0,0.0,,0.0
2026/05/24 01:15:00,0.0,0.0,,3.81
2026/05/24 01:30:00,0.0,0.0,,3.81
2026/05/24 01:45:00,0.0,0.0,,3.81
2026/05/24 02:00:00,0.0,0.0,,0.0
2026/05/24 02:15:00,0.0,0.0,,3.97
2026/05/24 02:30:00,0.0,0.0,,3.81
2026/05/24 02:45:00,0.0,0.0,,3.97
2026/05/24 03:00:00,0.0,0.0,,3.97
2026/05/24 03:15:00,0.0,0.0,,3.97
2026/05/24 03:30:00,0.0,0.0,,3.97
2026/05/24 03:45:00,0.0,0.0,,3.97
2026/05/24 04:00:00,0.0,0.0,,3.97
2026/05/24 04:15:00,0.0,0.0,,3.97
2026/05/24 04:30:00,0.0,0.0,,3.97
2026/05/24 04:45:00,0.0,0.0,,3.81
2026/05/24 05:00:00,0.0,0.0,,3.97
2026/05/24 05:15:00,0.0,0.0,,3.97
2026/05/24 05:30:00,0.0,0.0,,3.81
2026/05/24 05:45:00,0.0,0.0,,3.81
2026/05/24 06:00:00,0.0,0.0,,3.97
2026/05/24 06:15:00,0.0,0.0,,3.97
2026/05/24 06:30:00,0.0,0.0,,3.97
2026/05/24 06:45:00,0.0,0.0,,3.81
2026/05/24 07:00:00,0.0,0.0,,3.97
2026/05/24 07:15:00,0.0,0.0,,3.81
2026/05/24 07:30:00,0.0,0.0,,0.0
2026/05/24 07:45:00,0.0,0.0,,3.81
2026/05/24 08:00:00,0.0,0.0,,0.0
2026/05/24 08:15:00,0.0,0.0,,3.81
2026/05/24 08:30:00,0.0,0.0,,0.0
2026/05/24 08:45:00,0.0,0.0,,0.0
2026/05/24 09:00:00,0.0,0.0,,0.0
2026/05/24 09:15:00,0.0,0.0,,0.0
2026/05/24 09:30:00,0.0,0.0,,0.0
2026/05/24 09:45:00,0.0,875.99,,113.06
2026/05/24 10:00:00,0.0,882.94,,112.56
2026/05/24 10:15:00,0.0,875.82,,113.06
2026/05/24 10:30:00,0.0,873.17,,112.73
2026/05/24 10:45:00,0.0,889.73,,112.4
2026/05/24 11:00:00,0.0,875.16,,112.89
2026/05/24 11:15:00,0.0,876.82,,112.56
2026/05/24 11:30:00,0.0,872.18,,112.56
2026/05/24 11:45:00,0.0,874.33,,393.96
2026/05/24 12:00:00,0.0,872.51,,481.69
2026/05/24 12:15:00,0.0,874.17,,465.14
2026/05/24 12:30:00,0.0,873.17,,456.53
2026/05/24 12:45:00,0.0,878.97,,462.0
2026/05/24 13:00:00,0.0,879.63,,454.38
2026/05/24 13:15:00,0.0,880.13,,442.79
2026/05/24 13:30:00,0.0,874.5,,438.49
2026/05/24 13:45:00,0.0,879.3,,448.92
2026/05/24 14:00:00,0.0,880.46,,438.49
2026/05/24 14:15:00,0.0,876.48,,439.65
2026/05/24 14:30:00,0.0,876.98,,446.93
2026/05/24 14:45:00,0.0,878.97,,444.12
2026/05/24 15:00:00,0.0,878.97,,452.4
2026/05/24 15:15:00,0.0,875.99,,441.97
2026/05/24 15:30:00,0.0,874.99,,437.99
2026/05/24 15:45:00,0.0,877.64,,437.0
2026/05/24 16:00:00,0.0,874.99,,433.52
2026/05/24 16:15:00,0.0,874.0,,432.7
2026/05/24 16:30:00,0.0,874.17,,439.98
2026/05/24 16:45:00,0.0,872.84,,440.48
2026/05/24 17:00:00,0.0,862.41,,438.33
2026/05/24 17:15:00,0.0,865.39,,450.41
2026/05/24 17:30:00,0.0,867.05,,457.36
2026/05/24 17:45:00,0.0,868.37,,454.05
2026/05/24 18:00:00,0.0,867.71,,463.15
2026/05/24 18:15:00,0.0,866.39,,459.35
2026/05/24 18:30:00,0.0,865.89,,461.83
2026/05/24 18:45:00,0.0,866.88,,461.83
2026/05/24 19:00:00,0.0,866.06,,462.49
2026/05/24 19:15:00,0.0,868.04,,464.98
2026/05/24 19:30:00,0.0,868.54,,460.67
2026/05/24 19:45:00,0.0,867.55,,458.69
2026/05/24 20:00:00,0.0,867.88,,452.4
2026/05/24 20:15:00,0.0,864.07,,456.86
2026/05/24 20:30:00,0.0,864.4,,454.88
2026/05/24 20:45:00,0.0,864.73,,163.05
2026/05/24 21:00:00,0.0,864.9,,162.88
2026/05/24 21:15:00,0.0,0.0,,163.38
2026/05/24 21:30:00,0.0,0.0,,113.55
2026/05/24 21:45:00,0.0,0.0,,0.0
2026/05/24 22:00:00,0.0,0.0,,0.0
2026/05/24 22:15:00,0.0,0.0,,0.0
2026/05/24 22:30:00,0.0,0.0,,0.0
2026/05/24 22:45:00,0.0,0.0,,0.0
2026/05/24 23:00:00,0.0,0.0,,0.0
2026/05/24 23:15:00,0.0,0.0,,0.0
2026/05/24 23:30:00,0.0,0.0,,0.0
2026/05/24 23:45:00,0.0,0.0,,3.97
2026/05/25 00:00:00,0.0,0.0,,0.0
2026/05/25 00:15:00,0.0,0.0,,0.0
2026/05/25 00:30:00,0.0,0.0,,0.0
2026/05/25 00:45:00,0.0,0.0,,0.0
2026/05/25 01:00:00,0.0,0.0,,0.0
2026/05/25 01:15:00,0.0,0.0,,0.0
2026/05/25 01:30:00,0.0,0.0,,3.81
2026/05/25 01:45:00,0.0,0.0,,3.97
2026/05/25 02:00:00,0.0,0.0,,3.97
2026/05/25 02:15:00,0.0,0.0,,3.81
2026/05/25 02:30:00,0.0,0.0,,3.97
2026/05/25 02:45:00,0.0,0.0,,3.97
2026/05/25 03:00:00,0.0,0.0,,3.81
2026/05/25 03:15:00,0.0,0.0,,3.97
2026/05/25 03:30:00,0.0,0.0,,3.97
2026/05/25 03:45:00,0.0,0.0,,3.97
2026/05/25 04:00:00,0.0,0.0,,3.97
2026/05/25 04:15:00,0.0,0.0,,3.97
2026/05/25 04:30:00,0.0,0.0,,3.97
2026/05/25 04:45:00,0.0,0.0,,3.97
2026/05/25 05:00:00,0.0,0.0,,3.97
2026/05/25 05:15:00,0.0,0.0,,3.81
2026/05/25 05:30:00,0.0,0.0,,3.97
2026/05/25 05:45:00,0.0,0.0,,3.97
2026/05/25 06:00:00,0.0,0.0,,3.81
2026/05/25 06:15:00,0.0,0.0,,0.0
2026/05/25 06:30:00,0.0,0.0,,0.0
2026/05/25 06:45:00,0.0,0.0,,0.0
2026/05/25 07:00:00,0.0,0.0,,0.0
2026/05/25 07:15:00,0.0,0.0,,0.0
2026/05/25 07:30:00,0.0,0.0,,0.0
2026/05/25 07:45:00,0.0,0.0,,0.0
2026/05/25 08:00:00,0.0,0.0,,0.0
2026/05/25 08:15:00,0.0,0.0,,0.0
2026/05/25 08:30:00,0.0,0.0,,0.0
2026/05/25 08:45:00,0.0,0.0,,0.0
2026/05/25 09:00:00,0.0,0.0,,0.0
2026/05/25 09:15:00,0.0,0.0,,0.0
2026/05/25 09:30:00,0.0,562.64,,123.98
2026/05/25 09:45:00,0.0,882.61,,123.82
2026/05/25 10:00:00,0.0,826.0,,123.82
2026/05/25 10:15:00,0.0,791.9,,123.49
2026/05/25 10:30:00,0.0,787.26,,123.98
2026/05/25 10:45:00,0.0,863.9,,527.55
2026/05/25 11:00:00,0.0,868.54,,572.9
2026/05/25 11:15:00,0.0,871.52,,549.23
2026/05/25 11:30:00,0.0,874.83,,539.63
2026/05/25 11:45:00,0.0,868.7,,521.42
2026/05/25 12:00:00,0.0,871.19,,491.46
2026/05/25 12:15:00,0.0,876.48,,501.56
2026/05/25 12:30:00,0.0,869.7,,508.84
2026/05/25 12:45:00,0.0,868.87,,484.34
2026/05/25 13:00:00,0.0,872.51,,457.69
2026/05/25 13:15:00,0.0,871.19,,459.84
2026/05/25 13:30:00,0.0,871.68,,463.65
2026/05/25 13:45:00,0.0,868.37,,453.39
2026/05/25 14:00:00,0.0,869.53,,456.04
2026/05/25 14:15:00,0.0,868.87,,452.56
2026/05/25 14:30:00,0.0,866.72,,452.73
2026/05/25 14:45:00,0.0,865.23,,450.74
2026/05/25 15:00:00,0.0,865.06,,451.24
2026/05/25 15:15:00,0.0,865.56,,452.23
2026/05/25 15:30:00,0.0,863.9,,440.31
2026/05/25 15:45:00,0.0,862.58,,439.32
2026/05/25 16:00:00,0.0,862.75,,438.82
2026/05/25 16:15:00,0.0,864.07,,437.99
2026/05/25 16:30:00,0.0,859.43,,438.82
2026/05/25 16:45:00,0.0,860.1,,448.92
2026/05/25 17:00:00,0.0,866.39,,448.59
2026/05/25 17:15:00,0.0,862.91,,449.42
2026/05/25 17:30:00,0.0,865.73,,448.75
2026/05/25 17:45:00,0.0,867.21,,454.38
2026/05/25 18:00:00,0.0,865.89,,443.79
2026/05/25 18:15:00,0.0,863.9,,446.11
2026/05/25 18:30:00,0.0,867.55,,454.38
2026/05/25 18:45:00,0.0,868.37,,456.7
2026/05/25 19:00:00,0.0,867.38,,449.91
2026/05/25 19:15:00,0.0,868.04,,450.24
2026/05/25 19:30:00,0.0,868.7,,458.85
2026/05/25 19:45:00,0.0,867.55,,450.57
2026/05/25 20:00:00,0.0,867.71,,452.4
2026/05/25 20:15:00,0.0,864.9,,443.62
2026/05/25 20:30:00,0.0,861.42,,438.49
2026/05/25 20:45:00,1.99,859.93,,430.05
2026/05/25 21:00:00,0.0,856.29,,430.38
2026/05/25 21:15:00,0.0,850.5,,416.48
2026/05/25 21:30:00,0.0,809.94,,405.05
2026/05/25 21:45:00,0.0,0.0,,3.81
2026/05/25 22:00:00,0.0,0.0,,3.81
2026/05/25 22:15:00,0.0,0.0,,3.97
2026/05/25 22:30:00,0.0,0.0,,3.97
2026/05/25 22:45:00,0.0,0.0,,3.97
2026/05/25 23:00:00,0.0,0.0,,0.0
2026/05/25 23:15:00,0.0,0.0,,0.0
2026/05/25 23:30:00,0.0,0.0,,0.0
2026/05/25 23:45:00,0.0,0.0,,0.0
2026/05/26 00:00:00,0.0,0.0,,0.0
2026/05/26 00:15:00,0.0,0.0,,0.0
2026/05/26 00:30:00,0.0,0.0,,0.0
2026/05/26 00:45:00,0.0,0.0,,0.0
2026/05/26 01:00:00,0.0,0.0,,0.0
2026/05/26 01:15:00,0.0,0.0,,3.81
2026/05/26 01:30:00,0.0,0.0,,0.0
2026/05/26 01:45:00,0.0,0.0,,3.81
2026/05/26 02:00:00,0.0,0.0,,3.81
2026/05/26 02:15:00,0.0,0.0,,3.81
2026/05/26 02:30:00,0.0,0.0,,3.97
2026/05/26 02:45:00,0.0,0.0,,3.97
2026/05/26 03:00:00,0.0,0.0,,3.81
2026/05/26 03:15:00,0.0,0.0,,3.81
2026/05/26 03:30:00,0.0,0.0,,3.97
2026/05/26 03:45:00,0.0,0.0,,3.81
2026/05/26 04:00:00,0.0,0.0,,3.97
2026/05/26 04:15:00,0.0,0.0,,3.97
2026/05/26 04:30:00,0.0,0.0,,4.14
2026/05/26 04:45:00,0.0,0.0,,3.97
2026/05/26 05:00:00,0.0,0.0,,3.97
2026/05/26 05:15:00,0.0,0.0,,3.97
2026/05/26 05:30:00,0.0,0.0,,3.81
2026/05/26 05:45:00,0.0,0.0,,3.81
2026/05/26 06:00:00,0.0,0.0,,3.81
2026/05/26 06:15:00,0.0,0.0,,3.81
2026/05/26 06:30:00,0.0,0.0,,3.97
2026/05/26 06:45:00,0.0,0.0,,3.97
2026/05/26 07:00:00,0.0,0.0,,3.97
2026/05/26 07:15:00,0.0,0.0,,3.81
2026/05/26 07:30:00,0.0,0.0,,0.0
2026/05/26 07:45:00,0.0,0.0,,0.0
2026/05/26 08:00:00,0.0,0.0,,0.0
2026/05/26 08:15:00,0.0,0.0,,0.0
2026/05/26 08:30:00,0.0,0.0,,0.0
2026/05/26 08:45:00,0.0,0.0,,0.0
2026/05/26 09:00:00,0.0,0.0,,0.0
2026/05/26 09:15:00,0.0,0.0,,0.0
2026/05/26 09:30:00,0.0,0.0,,0.0
2026/05/26 09:45:00,0.0,831.46,,75.15
2026/05/26 10:00:00,0.0,856.12,,75.32
2026/05/26 10:15:00,0.0,853.81,,75.32
2026/05/26 10:30:00,0.0,857.28,,75.48
2026/05/26 10:45:00,0.0,850.66,,75.15
2026/05/26 11:00:00,0.0,850.5,,75.32
2026/05/26 11:15:00,0.0,861.75,,75.15
2026/05/26 11:30:00,0.0,837.09,,75.32
2026/05/26 11:45:00,0.0,800.18,,75.32
2026/05/26 12:00:00,0.0,764.09,,75.15
2026/05/26 12:15:00,0.0,743.4,,75.15
2026/05/26 12:30:00,0.0,698.04,,75.32
2026/05/26 12:45:00,0.0,684.14,,75.32
2026/05/26 13:00:00,0.0,661.29,,75.32
2026/05/26 13:15:00,0.0,649.38,,75.32
2026/05/26 13:30:00,0.0,650.7,,75.15
2026/05/26 13:45:00,0.0,655.83,,75.48
2026/05/26 14:00:00,0.0,655.34,,75.15
2026/05/26 14:15:00,0.0,663.12,,75.32
2026/05/26 14:30:00,0.0,662.45,,75.15
2026/05/26 14:45:00,0.0,657.65,,75.32
2026/05/26 15:00:00,0.0,653.85,,75.48
2026/05/26 15:15:00,0.0,649.38,,75.15
2026/05/26 15:30:00,0.0,641.43,,75.32
2026/05/26 15:45:00,0.0,638.45,,75.15
2026/05/26 16:00:00,0.0,633.65,,75.15
2026/05/26 16:15:00,0.0,629.18,,75.32
2026/05/26 16:30:00,0.0,624.71,,75.32
2026/05/26 16:45:00,0.0,618.75,,75.15
2026/05/26 17:00:00,0.0,630.34,,75.32
2026/05/26 17:15:00,0.0,626.86,,75.15
2026/05/26 17:30:00,0.0,636.8,,75.32
2026/05/26 17:45:00,0.0,682.98,,105.11
2026/05/26 18:00:00,0.0,729.82,,104.95
2026/05/26 18:15:00,0.0,710.13,,105.44
2026/05/26 18:30:00,0.0,704.33,,105.11
2026/05/26 18:45:00,0.0,688.94,,105.11
2026/05/26 19:00:00,0.0,690.43,,104.95
2026/05/26 19:15:00,0.0,691.26,,104.95
2026/05/26 19:30:00,0.0,685.46,,105.44
2026/05/26 19:45:00,0.0,676.69,,105.11
2026/05/26 20:00:00,0.0,693.08,,105.44
2026/05/26 20:15:00,0.0,710.29,,105.44
2026/05/26 20:30:00,0.0,711.12,,105.11
2026/05/26 20:45:00,0.0,707.31,,105.28
2026/05/26 21:00:00,0.0,694.07,,105.28
2026/05/26 21:15:00,0.0,681.82,,105.28
2026/05/26 21:30:00,0.0,0.0,,105.44
2026/05/26 21:45:00,0.0,0.0,,105.44
2026/05/26 22:00:00,0.0,0.0,,3.81
2026/05/26 22:15:00,0.0,0.0,,3.97
2026/05/26 22:30:00,0.0,0.0,,3.81
2026/05/26 22:45:00,0.0,0.0,,3.97
2026/05/26 23:00:00,0.0,0.0,,3.97
2026/05/26 23:15:00,0.0,0.0,,3.81
2026/05/26 23:30:00,0.0,0.0,,3.97
2026/05/26 23:45:00,0.0,0.0,,3.81
2026/05/27 00:00:00,0.0,0.0,,3.97
2026/05/27 00:15:00,0.0,0.0,,3.97
2026/05/27 00:30:00,0.0,0.0,,3.97
2026/05/27 00:45:00,0.0,0.0,,3.97
2026/05/27 01:00:00,0.0,0.0,,3.97
2026/05/27 01:15:00,0.0,0.0,,3.97
2026/05/27 01:30:00,0.0,0.0,,3.97
2026/05/27 01:45:00,0.0,0.0,,3.97
2026/05/27 02:00:00,0.0,0.0,,3.97
2026/05/27 02:15:00,0.0,0.0,,3.97
2026/05/27 02:30:00,0.0,0.0,,3.97
2026/05/27 02:45:00,0.0,0.0,,4.14
2026/05/27 03:00:00,0.0,0.0,,3.97
2026/05/27 03:15:00,0.0,0.0,,3.97
2026/05/27 03:30:00,0.0,0.0,,3.97
2026/05/27 03:45:00,0.0,0.0,,3.97
2026/05/27 04:00:00,0.0,0.0,,4.14
2026/05/27 04:15:00,0.0,0.0,,0.0
2026/05/27 04:30:00,0.0,0.0,,0.0
2026/05/27 04:45:00,0.0,0.0,,0.0
2026/05/27 05:00:00,0.0,0.0,,0.0
2026/05/27 05:15:00,0.0,0.0,,0.0
2026/05/27 05:30:00,0.0,0.0,,0.0
2026/05/27 05:45:00,0.0,0.0,,0.0
2026/05/27 06:00:00,0.0,0.0,,0.0
2026/05/27 06:15:00,0.0,0.0,,0.0
2026/05/27 06:30:00,0.0,0.0,,0.0
2026/05/27 06:45:00,0.0,0.0,,0.0
2026/05/27 07:00:00,0.0,0.0,,0.0
2026/05/27 07:15:00,0.0,0.0,,0.0
2026/05/27 07:30:00,0.0,0.0,,0.0
2026/05/27 07:45:00,0.0,0.0,,0.0
2026/05/27 08:00:00,0.0,0.0,,0.0
2026/05/27 08:15:00,0.0,0.0,,0.0
2026/05/27 08:30:00,0.0,0.0,,0.0
2026/05/27 08:45:00,0.0,0.0,,0.0
2026/05/27 09:00:00,0.0,0.0,,0.0
2026/05/27 09:15:00,0.0,0.0,,0.0
2026/05/27 09:30:00,0.0,0.0,,0.0
2026/05/27 09:45:00,0.0,874.33,,112.4
2026/05/27 10:00:00,0.0,896.35,,112.4
2026/05/27 10:15:00,0.0,899.49,,112.56
2026/05/27 10:30:00,0.0,872.18,,112.4
2026/05/27 10:45:00,0.0,869.04,,112.73
2026/05/27 11:00:00,0.0,867.71,,112.23
2026/05/27 11:15:00,0.0,856.12,,112.4
2026/05/27 11:30:00,0.0,789.42,,111.9
2026/05/27 11:45:00,0.0,656.0,,112.4
2026/05/27 12:00:00,0.0,613.46,,112.23
2026/05/27 12:15:00,0.0,601.04,,112.4
2026/05/27 12:30:00,0.0,599.39,,112.23
2026/05/27 12:45:00,0.0,589.29,,112.89
2026/05/27 13:00:00,0.0,587.47,,112.56
2026/05/27 13:15:00,0.0,584.65,,112.73
2026/05/27 13:30:00,0.0,596.57,,112.4
2026/05/27 13:45:00,0.0,586.81,,112.23
2026/05/27 14:00:00,0.0,585.48,,112.06
2026/05/27 14:15:00,0.0,591.11,,112.06
2026/05/27 14:30:00,0.0,577.7,,112.56
2026/05/27 14:45:00,0.0,585.15,,112.56
2026/05/27 15:00:00,0.0,582.5,,112.4
2026/05/27 15:15:00,0.0,576.38,,204.26
2026/05/27 15:30:00,0.0,758.79,,203.6
2026/05/27 15:45:00,0.0,729.99,,204.1
2026/05/27 16:00:00,0.0,700.19,,203.6
2026/05/27 16:15:00,0.0,709.13,,204.26
2026/05/27 16:30:00,0.0,709.63,,203.6
2026/05/27 16:45:00,0.0,707.81,,203.93
2026/05/27 17:00:00,0.0,714.26,,203.6
2026/05/27 17:15:00,0.0,742.24,,203.44
2026/05/27 17:30:00,0.0,775.51,,204.1
2026/05/27 17:45:00,0.0,777.66,,203.6
2026/05/27 18:00:00,0.0,796.7,,204.26
2026/05/27 18:15:00,0.0,806.3,,204.1
2026/05/27 18:30:00,0.0,817.22,,203.93
2026/05/27 18:45:00,0.0,811.1,,204.43
2026/05/27 19:00:00,0.0,820.87,,204.26
2026/05/27 19:15:00,0.0,826.99,,204.26
2026/05/27 19:30:00,0.0,828.65,,204.26
2026/05/27 19:45:00,0.0,817.89,,204.1
2026/05/27 20:00:00,0.0,815.07,,203.93
2026/05/27 20:15:00,0.0,798.19,,204.1
2026/05/27 20:30:00,0.0,775.35,,203.77
2026/05/27 20:45:00,0.0,748.86,,203.93
2026/05/27 21:00:00,0.0,686.12,,204.43
2026/05/27 21:15:00,0.0,0.0,,123.49
2026/05/27 21:30:00,0.0,0.0,,123.49
2026/05/27 21:45:00,0.0,0.0,,0.0
2026/05/27 22:00:00,0.0,0.0,,0.0
2026/05/27 22:15:00,0.0,0.0,,0.0
2026/05/27 22:30:00,0.0,0.0,,0.0
2026/05/27 22:45:00,0.0,0.0,,0.0
2026/05/27 23:00:00,0.0,0.0,,0.0
2026/05/27 23:15:00,0.0,0.0,,0.0
2026/05/27 23:30:00,0.0,0.0,,0.0
2026/05/27 23:45:00,0.0,0.0,,0.0
2026/05/28 00:00:00,0.0,0.0,,0.0
2026/05/28 00:15:00,0.0,0.0,,0.0
2026/05/28 00:30:00,0.0,0.0,,0.0
2026/05/28 00:45:00,0.0,0.0,,0.0
2026/05/28 01:00:00,0.0,0.0,,0.0
2026/05/28 01:15:00,0.0,0.0,,0.0
2026/05/28 01:30:00,0.0,0.0,,0.0
2026/05/28 01:45:00,0.0,0.0,,0.0
2026/05/28 02:00:00,0.0,0.0,,0.0
2026/05/28 02:15:00,0.0,0.0,,0.0
2026/05/28 02:30:00,0.0,0.0,,0.0
2026/05/28 02:45:00,0.0,0.0,,0.0
2026/05/28 03:00:00,0.0,0.0,,0.0
2026/05/28 03:15:00,0.0,0.0,,0.0
2026/05/28 03:30:00,0.0,0.0,,0.0
2026/05/28 03:45:00,0.0,0.0,,0.0
2026/05/28 04:00:00,0.0,0.0,,0.0
2026/05/28 04:15:00,0.0,0.0,,0.0
2026/05/28 04:30:00,0.0,0.0,,0.0
2026/05/28 04:45:00,0.0,0.0,,0.0
2026/05/28 05:00:00,0.0,0.0,,0.0
2026/05/28 05:15:00,0.0,0.0,,0.0
2026/05/28 05:30:00,0.0,0.0,,0.0
2026/05/28 05:45:00,0.0,0.0,,0.0
2026/05/28 06:00:00,0.0,0.0,,0.0
2026/05/28 06:15:00,0.0,0.0,,0.0
2026/05/28 06:30:00,0.0,0.0,,0.0
2026/05/28 06:45:00,0.0,0.0,,0.0
2026/05/28 07:00:00,0.0,0.0,,0.0
2026/05/28 07:15:00,0.0,0.0,,0.0
2026/05/28 07:30:00,0.0,0.0,,0.0
2026/05/28 07:45:00,0.0,0.0,,0.0
2026/05/28 08:00:00,0.0,0.0,,0.0
2026/05/28 08:15:00,0.0,0.0,,0.0
2026/05/28 08:30:00,0.0,0.0,,0.0
2026/05/28 08:45:00,0.0,0.0,,0.0
2026/05/28 09:00:00,0.0,0.0,,0.0
2026/05/28 09:15:00,0.0,0.0,,0.0
2026/05/28 09:30:00,0.0,0.0,,0.0
2026/05/28 09:45:00,799.51,0.0,,104.78
2026/05/28 10:00:00,805.64,0.0,,104.62
2026/05/28 10:15:00,797.36,0.0,,104.95
2026/05/28 10:30:00,801.33,0.0,,104.78
2026/05/28 10:45:00,802.66,0.0,,104.95
2026/05/28 11:00:00,799.68,0.0,,340.83
2026/05/28 11:15:00,763.26,0.0,,387.51
2026/05/28 11:30:00,792.73,0.0,,397.27
2026/05/28 11:45:00,768.72,0.0,,386.35
2026/05/28 12:00:00,689.93,0.0,,368.8
2026/05/28 12:15:00,657.16,0.0,,358.87
2026/05/28 12:30:00,655.0,0.0,,358.37
2026/05/28 12:45:00,650.04,0.0,,356.55
2026/05/28 13:00:00,652.85,0.0,,355.89
2026/05/28 13:15:00,644.74,0.0,,349.6
2026/05/28 13:30:00,644.25,0.0,,348.61
2026/05/28 13:45:00,643.75,0.0,,352.41
2026/05/28 14:00:00,647.55,0.0,,355.73
2026/05/28 14:15:00,644.41,0.0,,361.02
2026/05/28 14:30:00,643.91,0.0,,160.56
2026/05/28 14:45:00,807.46,0.0,,197.64
2026/05/28 15:00:00,806.3,0.0,,197.64
2026/05/28 15:15:00,810.11,0.0,,197.48
2026/05/28 15:30:00,810.44,0.0,,197.48
2026/05/28 15:45:00,806.8,0.0,,197.31
2026/05/28 16:00:00,807.13,0.0,,196.98
2026/05/28 16:15:00,802.49,0.0,,197.31
2026/05/28 16:30:00,806.13,0.0,,197.31
2026/05/28 16:45:00,810.27,0.0,,197.15
2026/05/28 17:00:00,812.76,0.0,,197.15
2026/05/28 17:15:00,812.76,0.0,,197.15
2026/05/28 17:30:00,813.09,0.0,,197.31
2026/05/28 17:45:00,813.09,0.0,,197.31
2026/05/28 18:00:00,818.55,0.0,,197.31
2026/05/28 18:15:00,818.88,0.0,,197.15
2026/05/28 18:30:00,876.82,0.0,,197.48
2026/05/28 18:45:00,881.12,0.0,,197.64
2026/05/28 19:00:00,880.95,0.0,,197.48
2026/05/28 19:15:00,880.62,0.0,,197.48
2026/05/28 19:30:00,879.3,0.0,,197.81
2026/05/28 19:45:00,875.82,0.0,,197.31
2026/05/28 20:00:00,871.35,0.0,,197.31
2026/05/28 20:15:00,866.39,0.0,,197.31
2026/05/28 20:30:00,864.57,0.0,,197.64
2026/05/28 20:45:00,858.77,0.0,,197.97
2026/05/28 21:00:00,854.8,0.0,,197.81
2026/05/28 21:15:00,811.76,0.0,,197.64
2026/05/28 21:30:00,775.84,0.0,,198.31
2026/05/28 21:45:00,0.0,0.0,,0.0
2026/05/28 22:00:00,0.0,0.0,,0.0
2026/05/28 22:15:00,0.0,0.0,,3.81
2026/05/28 22:30:00,0.0,0.0,,3.97
2026/05/28 22:45:00,0.0,0.0,,0.0
2026/05/28 23:00:00,0.0,0.0,,3.81
2026/05/28 23:15:00,0.0,0.0,,3.97
2026/05/28 23:30:00,0.0,0.0,,3.81
2026/05/28 23:45:00,0.0,0.0,,3.97
2026/05/29 00:00:00,0.0,0.0,,3.97
2026/05/29 00:15:00,0.0,0.0,,3.97
2026/05/29 00:30:00,0.0,0.0,,3.81
2026/05/29 00:45:00,0.0,0.0,,3.81
2026/05/29 01:00:00,0.0,0.0,,3.97
2026/05/29 01:15:00,0.0,0.0,,3.97
2026/05/29 01:30:00,0.0,0.0,,3.97
2026/05/29 01:45:00,0.0,0.0,,3.97
2026/05/29 02:00:00,0.0,0.0,,4.14
2026/05/29 02:15:00,0.0,0.0,,3.97
2026/05/29 02:30:00,0.0,0.0,,3.97
2026/05/29 02:45:00,0.0,0.0,,3.97
2026/05/29 03:00:00,0.0,0.0,,3.97
2026/05/29 03:15:00,0.0,0.0,,4.14
2026/05/29 03:30:00,0.0,0.0,,3.97
2026/05/29 03:45:00,0.0,0.0,,3.97
2026/05/29 04:00:00,0.0,0.0,,4.14
2026/05/29 04:15:00,0.0,0.0,,4.14
2026/05/29 04:30:00,0.0,0.0,,3.97
2026/05/29 04:45:00,0.0,0.0,,3.97
2026/05/29 05:00:00,0.0,0.0,,3.97
2026/05/29 05:15:00,0.0,0.0,,4.14
2026/05/29 05:30:00,0.0,0.0,,3.97
2026/05/29 05:45:00,0.0,0.0,,3.97
2026/05/29 06:00:00,0.0,0.0,,3.97
2026/05/29 06:15:00,0.0,0.0,,3.97
2026/05/29 06:30:00,0.0,0.0,,3.97
2026/05/29 06:45:00,0.0,0.0,,3.97
2026/05/29 07:00:00,0.0,0.0,,3.81
2026/05/29 07:15:00,0.0,0.0,,3.81
2026/05/29 07:30:00,0.0,0.0,,0.0
2026/05/29 07:45:00,0.0,0.0,,0.0
2026/05/29 08:00:00,0.0,0.0,,0.0
2026/05/29 08:15:00,0.0,0.0,,0.0
2026/05/29 08:30:00,0.0,0.0,,0.0
2026/05/29 08:45:00,0.0,0.0,,0.0
2026/05/29 09:00:00,0.0,0.0,,0.0
2026/05/29 09:15:00,0.0,0.0,,0.0
2026/05/29 09:30:00,0.0,0.0,,0.0
2026/05/29 09:45:00,833.12,0.0,,113.55
2026/05/29 10:00:00,849.01,0.0,,113.22
2026/05/29 10:15:00,845.36,0.0,,113.22
2026/05/29 10:30:00,846.85,0.0,,113.06
2026/05/29 10:45:00,825.34,0.0,,113.06
2026/05/29 11:00:00,730.49,0.0,,205.09
2026/05/29 11:15:00,776.17,0.0,,204.93
2026/05/29 11:30:00,731.15,0.0,,205.26
2026/05/29 11:45:00,696.39,0.0,,204.6
2026/05/29 12:00:00,687.61,0.0,,204.43
2026/05/29 12:15:00,688.61,0.0,,204.76
2026/05/29 12:30:00,680.83,0.0,,204.43
2026/05/29 12:45:00,682.48,0.0,,204.76
2026/05/29 13:00:00,685.46,0.0,,204.93
2026/05/29 13:15:00,685.46,0.0,,204.76
2026/05/29 13:30:00,682.81,0.0,,204.93
2026/05/29 13:45:00,693.74,0.0,,204.6
2026/05/29 14:00:00,699.53,0.0,,204.93
2026/05/29 14:15:00,701.68,0.0,,204.76
2026/05/29 14:30:00,703.01,0.0,,204.76
2026/05/29 14:45:00,703.01,0.0,,204.43
2026/05/29 15:00:00,706.15,0.0,,204.76
2026/05/29 15:15:00,705.49,0.0,,204.43
2026/05/29 15:30:00,704.33,0.0,,204.43
2026/05/29 15:45:00,530.69,0.0,,204.6
2026/05/29 16:00:00,563.3,0.0,,204.6
2026/05/29 16:15:00,606.84,0.0,,204.6
2026/05/29 16:30:00,619.08,0.0,,204.76
2026/05/29 16:45:00,623.39,0.0,,204.43
2026/05/29 17:00:00,627.36,0.0,,204.76
2026/05/29 17:15:00,635.64,0.0,,204.76
2026/05/29 17:30:00,639.11,0.0,,204.43
2026/05/29 17:45:00,652.69,0.0,,204.93
2026/05/29 18:00:00,653.18,0.0,,204.6
2026/05/29 18:15:00,656.49,0.0,,204.93
2026/05/29 18:30:00,668.74,0.0,,204.93
2026/05/29 18:45:00,668.41,0.0,,204.26
2026/05/29 19:00:00,670.23,0.0,,204.6
2026/05/29 19:15:00,674.04,0.0,,204.93
2026/05/29 19:30:00,676.03,0.0,,204.26
2026/05/29 19:45:00,676.36,0.0,,204.76
2026/05/29 20:00:00,676.69,0.0,,204.93
2026/05/29 20:15:00,676.69,0.0,,204.26
2026/05/29 20:30:00,674.54,0.0,,204.6
2026/05/29 20:45:00,675.03,0.0,,204.6
2026/05/29 21:00:00,677.52,0.0,,204.76
2026/05/29 21:15:00,0.0,0.0,,124.15
2026/05/29 21:30:00,0.0,0.0,,124.31
2026/05/29 21:45:00,0.0,0.0,,0.0
2026/05/29 22:00:00,0.0,0.0,,0.0
2026/05/29 22:15:00,0.0,0.0,,3.97
2026/05/29 22:30:00,0.0,0.0,,3.81
2026/05/29 22:45:00,0.0,0.0,,3.97
2026/05/29 23:00:00,0.0,0.0,,3.97
2026/05/29 23:15:00,0.0,0.0,,3.97
2026/05/29 23:30:00,0.0,0.0,,4.14
2026/05/29 23:45:00,0.0,0.0,,3.81
2026/05/30 00:00:00,0.0,0.0,,3.97
2026/05/30 00:15:00,0.0,0.0,,3.97
2026/05/30 00:30:00,0.0,0.0,,3.97
2026/05/30 00:45:00,0.0,0.0,,3.97
2026/05/30 01:00:00,0.0,0.0,,3.97
2026/05/30 01:15:00,0.0,0.0,,3.97
2026/05/30 01:30:00,0.0,0.0,,3.97
2026/05/30 01:45:00,0.0,0.0,,3.97
2026/05/30 02:00:00,0.0,0.0,,4.14
2026/05/30 02:15:00,0.0,0.0,,3.97
2026/05/30 02:30:00,0.0,0.0,,4.14
2026/05/30 02:45:00,0.0,0.0,,3.97
2026/05/30 03:00:00,0.0,0.0,,4.14
2026/05/30 03:15:00,0.0,0.0,,4.14
2026/05/30 03:30:00,0.0,0.0,,0.0
2026/05/30 03:45:00,0.0,0.0,,0.0
2026/05/30 04:00:00,0.0,0.0,,0.0
2026/05/30 04:15:00,0.0,0.0,,0.0
2026/05/30 04:30:00,0.0,0.0,,3.81
2026/05/30 04:45:00,0.0,0.0,,0.0
2026/05/30 05:00:00,0.0,0.0,,0.0
2026/05/30 05:15:00,0.0,0.0,,3.81
2026/05/30 05:30:00,0.0,0.0,,0.0
2026/05/30 05:45:00,0.0,0.0,,0.0
2026/05/30 06:00:00,0.0,0.0,,3.64
2026/05/30 06:15:00,0.0,0.0,,0.0
2026/05/30 06:30:00,0.0,0.0,,3.81
2026/05/30 06:45:00,0.0,0.0,,0.0
2026/05/30 07:00:00,0.0,0.0,,0.0
2026/05/30 07:15:00,0.0,0.0,,0.0
2026/05/30 07:30:00,0.0,0.0,,0.0
2026/05/30 07:45:00,0.0,0.0,,0.0
2026/05/30 08:00:00,0.0,0.0,,0.0
2026/05/30 08:15:00,0.0,0.0,,0.0
2026/05/30 08:30:00,0.0,0.0,,0.0
2026/05/30 08:45:00,0.0,0.0,,0.0
2026/05/30 09:00:00,0.0,0.0,,105.44
2026/05/30 09:15:00,855.79,0.0,,105.44
2026/05/30 09:30:00,852.48,0.0,,104.95
2026/05/30 09:45:00,852.32,0.0,,104.78
2026/05/30 10:00:00,696.88,0.0,,105.11
2026/05/30 10:15:00,599.88,0.0,,104.78
2026/05/30 10:30:00,770.55,0.0,,197.97
2026/05/30 10:45:00,853.81,0.0,,198.14
2026/05/30 11:00:00,846.03,0.0,,197.81
2026/05/30 11:15:00,846.85,0.0,,197.48
2026/05/30 11:30:00,818.88,0.0,,197.48
2026/05/30 11:45:00,805.64,0.0,,269.15
2026/05/30 12:00:00,772.03,0.0,,197.64
2026/05/30 12:15:00,848.68,0.0,,194.5
2026/05/30 12:30:00,852.81,0.0,,194.5
2026/05/30 12:45:00,852.15,0.0,,195.0
2026/05/30 13:00:00,850.83,0.0,,194.5
2026/05/30 13:15:00,855.96,0.0,,194.83
2026/05/30 13:30:00,856.46,0.0,,194.66
2026/05/30 13:45:00,858.44,0.0,,195.0
2026/05/30 14:00:00,855.13,0.0,,194.5
2026/05/30 14:15:00,852.81,0.0,,399.92
2026/05/30 14:30:00,846.36,0.0,,536.65
2026/05/30 14:45:00,834.77,0.0,,518.94
2026/05/30 15:00:00,828.48,0.0,,497.09
2026/05/30 15:15:00,775.18,0.0,,468.62
2026/05/30 15:30:00,733.47,0.0,,460.34
2026/05/30 15:45:00,730.32,0.0,,455.21
2026/05/30 16:00:00,717.41,0.0,,453.88
2026/05/30 16:15:00,712.61,0.0,,446.27
2026/05/30 16:30:00,714.26,0.0,,458.85
2026/05/30 16:45:00,713.11,0.0,,448.92
2026/05/30 17:00:00,707.15,0.0,,443.95
2026/05/30 17:15:00,703.84,0.0,,446.93
2026/05/30 17:30:00,708.14,0.0,,460.67
2026/05/30 17:45:00,714.26,0.0,,468.62
2026/05/30 18:00:00,727.51,0.0,,476.89
2026/05/30 18:15:00,740.25,0.0,,478.38
2026/05/30 18:30:00,742.9,0.0,,489.31
2026/05/30 18:45:00,747.87,0.0,,482.03
2026/05/30 19:00:00,748.53,0.0,,485.5
2026/05/30 19:15:00,753.5,0.0,,490.3
2026/05/30 19:30:00,755.32,0.0,,481.36
2026/05/30 19:45:00,752.5,0.0,,485.34
2026/05/30 20:00:00,752.34,0.0,,488.65
2026/05/30 20:15:00,803.82,0.0,,197.48
2026/05/30 20:30:00,839.9,0.0,,197.97
2026/05/30 20:45:00,834.11,0.0,,197.81
2026/05/30 21:00:00,833.12,0.0,,197.64
2026/05/30 21:15:00,458.52,0.0,,197.64
2026/05/30 21:30:00,0.0,0.0,,123.98
2026/05/30 21:45:00,0.0,0.0,,124.31
2026/05/30 22:00:00,0.0,0.0,,0.0
2026/05/30 22:15:00,0.0,0.0,,0.0
2026/05/30 22:30:00,0.0,0.0,,0.0
2026/05/30 22:45:00,0.0,0.0,,0.0
2026/05/30 23:00:00,1.66,0.0,,0.0
2026/05/30 23:15:00,0.0,0.0,,0.0
2026/05/30 23:30:00,0.0,0.0,,0.0
2026/05/30 23:45:00,0.0,0.0,,0.0
2026/05/31 00:00:00,0.0,0.0,,0.0
2026/05/31 00:15:00,0.0,0.0,,0.0
2026/05/31 00:30:00,0.0,0.0,,0.0
2026/05/31 00:45:00,0.0,0.0,,0.0
2026/05/31 01:00:00,0.0,0.0,,0.0
2026/05/31 01:15:00,0.0,0.0,,0.0
2026/05/31 01:30:00,0.0,0.0,,0.0
2026/05/31 01:45:00,0.0,0.0,,0.0
2026/05/31 02:00:00,0.0,0.0,,0.0
2026/05/31 02:15:00,0.0,0.0,,0.0
2026/05/31 02:30:00,0.0,0.0,,0.0
2026/05/31 02:45:00,0.0,0.0,,0.0
2026/05/31 03:00:00,0.0,0.0,,0.0
2026/05/31 03:15:00,0.0,0.0,,0.0
2026/05/31 03:30:00,0.0,0.0,,0.0
2026/05/31 03:45:00,0.0,0.0,,0.0
2026/05/31 04:00:00,0.0,0.0,,0.0
2026/05/31 04:15:00,0.0,0.0,,0.0
2026/05/31 04:30:00,0.0,0.0,,0.0
2026/05/31 04:45:00,0.0,0.0,,0.0
2026/05/31 05:00:00,0.0,0.0,,0.0
2026/05/31 05:15:00,0.0,0.0,,0.0
2026/05/31 05:30:00,0.0,0.0,,0.0
2026/05/31 05:45:00,0.0,0.0,,0.0
2026/05/31 06:00:00,0.0,0.0,,0.0
2026/05/31 06:15:00,0.0,0.0,,0.0
2026/05/31 06:30:00,0.0,0.0,,0.0
2026/05/31 06:45:00,0.0,0.0,,0.0
2026/05/31 07:00:00,0.0,0.0,,0.0
2026/05/31 07:15:00,0.0,0.0,,0.0
2026/05/31 07:30:00,0.0,0.0,,0.0
2026/05/31 07:45:00,0.0,0.0,,0.0
2026/05/31 08:00:00,0.0,0.0,,0.0
2026/05/31 08:15:00,0.0,0.0,,0.0
2026/05/31 08:30:00,0.0,0.0,,0.0
2026/05/31 08:45:00,0.0,0.0,,0.0
2026/05/31 09:00:00,0.0,0.0,,113.22
2026/05/31 09:15:00,873.17,0.0,,113.06
2026/05/31 09:30:00,856.29,0.0,,113.06
2026/05/31 09:45:00,852.48,0.0,,113.22
2026/05/31 10:00:00,851.82,0.0,,204.43
2026/05/31 10:15:00,844.04,0.0,,204.6
2026/05/31 10:30:00,837.75,0.0,,412.01
2026/05/31 10:45:00,839.74,0.0,,453.55
2026/05/31 11:00:00,831.63,0.0,,439.81
2026/05/31 11:15:00,831.79,0.0,,445.44
2026/05/31 11:30:00,829.81,0.0,,432.53
2026/05/31 11:45:00,829.31,0.0,,435.84
2026/05/31 12:00:00,827.16,0.0,,437.66
2026/05/31 12:15:00,829.81,0.0,,430.88
2026/05/31 12:30:00,827.16,0.0,,432.7
2026/05/31 12:45:00,831.79,0.0,,431.54
2026/05/31 13:00:00,829.14,0.0,,437.66
2026/05/31 13:15:00,832.95,0.0,,431.7
2026/05/31 13:30:00,834.44,0.0,,434.19
2026/05/31 13:45:00,836.1,0.0,,434.19
2026/05/31 14:00:00,837.09,0.0,,437.5
2026/05/31 14:15:00,834.77,0.0,,440.31
2026/05/31 14:30:00,833.78,0.0,,441.14
2026/05/31 14:45:00,835.27,0.0,,445.44
2026/05/31 15:00:00,838.41,0.0,,435.84
2026/05/31 15:15:00,841.06,0.0,,200.95
2026/05/31 15:30:00,847.52,0.0,,200.95
2026/05/31 15:45:00,853.48,0.0,,200.95
2026/05/31 16:00:00,859.1,0.0,,201.12
2026/05/31 16:15:00,860.76,0.0,,201.12
2026/05/31 16:30:00,862.75,0.0,,201.45
2026/05/31 16:45:00,864.9,0.0,,200.95
2026/05/31 17:00:00,869.53,0.0,,201.45
2026/05/31 17:15:00,869.2,0.0,,469.11
2026/05/31 17:30:00,859.27,0.0,,468.45
2026/05/31 17:45:00,854.3,0.0,,460.51
2026/05/31 18:00:00,851.99,0.0,,449.42
2026/05/31 18:15:00,847.85,0.0,,459.51
2026/05/31 18:30:00,849.67,0.0,,448.26
2026/05/31 18:45:00,848.68,0.0,,448.59
2026/05/31 19:00:00,845.2,0.0,,458.52
2026/05/31 19:15:00,846.85,0.0,,448.09
2026/05/31 19:30:00,843.38,0.0,,446.11
2026/05/31 19:45:00,842.55,0.0,,445.11
2026/05/31 20:00:00,841.23,0.0,,445.11
2026/05/31 20:15:00,844.37,0.0,,441.47
2026/05/31 20:30:00,839.9,0.0,,445.44
2026/05/31 20:45:00,840.4,0.0,,438.33
2026/05/31 21:00:00,836.43,0.0,,442.13
2026/05/31 21:15:00,840.4,0.0,,204.76
2026/05/31 21:30:00,0.0,0.0,,123.98
2026/05/31 21:45:00,0.0,0.0,,0.0
2026/05/31 22:00:00,0.0,0.0,,0.0
2026/05/31 22:15:00,0.0,0.0,,0.0
2026/05/31 22:30:00,0.0,0.0,,0.0
2026/05/31 22:45:00,0.0,0.0,,0.0
2026/05/31 23:00:00,0.0,0.0,,0.0
2026/05/31 23:15:00,0.0,0.0,,0.0
2026/05/31 23:30:00,0.0,0.0,,0.0
2026/05/31 23:45:00,0.0,0.0,,0.0
2026/06/01 00:00:00,0.0,0.0,,0.0
2026/06/01 00:15:00,0.0,0.0,,0.0
2026/06/01 00:30:00,0.0,0.0,,0.0
2026/06/01 00:45:00,0.0,0.0,,3.81
2026/06/01 01:00:00,0.0,0.0,,0.0
2026/06/01 01:15:00,0.0,0.0,,0.0
2026/06/01 01:30:00,0.0,0.0,,0.0
2026/06/01 01:45:00,0.0,0.0,,3.97
2026/06/01 02:00:00,0.0,0.0,,3.81
2026/06/01 02:15:00,0.0,0.0,,3.97
2026/06/01 02:30:00,0.0,0.0,,3.81
2026/06/01 02:45:00,0.0,0.0,,3.97
2026/06/01 03:00:00,0.0,0.0,,3.97
2026/06/01 03:15:00,0.0,0.0,,3.97
2026/06/01 03:30:00,0.0,0.0,,3.97
2026/06/01 03:45:00,0.0,0.0,,3.81
2026/06/01 04:00:00,0.0,0.0,,3.97
2026/06/01 04:15:00,0.0,0.0,,3.81
2026/06/01 04:30:00,0.0,0.0,,3.97
2026/06/01 04:45:00,0.0,0.0,,4.14
2026/06/01 05:00:00,0.0,0.0,,3.97
2026/06/01 05:15:00,0.0,0.0,,3.97
2026/06/01 05:30:00,0.0,0.0,,0.0
2026/06/01 05:45:00,0.0,0.0,,3.81
2026/06/01 06:00:00,0.0,0.0,,0.0
2026/06/01 06:15:00,0.0,0.0,,0.0
2026/06/01 06:30:00,0.0,0.0,,0.0
2026/06/01 06:45:00,0.0,0.0,,0.0
2026/06/01 07:00:00,0.0,0.0,,0.0
2026/06/01 07:15:00,0.0,0.0,,0.0
2026/06/01 07:30:00,0.0,0.0,,0.0
2026/06/01 07:45:00,0.0,0.0,,0.0
2026/06/01 08:00:00,0.0,0.0,,0.0
2026/06/01 08:15:00,0.0,0.0,,0.0
2026/06/01 08:30:00,0.0,0.0,,0.0
2026/06/01 08:45:00,0.0,0.0,,0.0
2026/06/01 09:00:00,0.0,0.0,,0.0
2026/06/01 09:15:00,0.0,391.65,,105.28
2026/06/01 09:30:00,0.0,851.82,,104.95
2026/06/01 09:45:00,0.0,870.19,,105.11
2026/06/01 10:00:00,0.0,847.19,,104.95
2026/06/01 10:15:00,0.0,844.87,,105.11
2026/06/01 10:30:00,0.0,829.31,,254.92
2026/06/01 10:45:00,0.0,701.02,,344.47
2026/06/01 11:00:00,0.0,581.34,,430.55
2026/06/01 11:15:00,0.0,685.79,,449.25
2026/06/01 11:30:00,0.0,822.36,,491.96
2026/06/01 11:45:00,0.0,824.34,,490.63
2026/06/01 12:00:00,0.0,826.49,,483.68
2026/06/01 12:15:00,0.0,826.0,,488.48
2026/06/01 12:30:00,0.0,822.19,,492.95
2026/06/01 12:45:00,0.0,821.2,,488.48
2026/06/01 13:00:00,0.0,820.7,,494.61
2026/06/01 13:15:00,0.0,850.33,,491.13
2026/06/01 13:30:00,0.0,848.34,,501.72
2026/06/01 13:45:00,0.0,843.21,,477.39
2026/06/01 14:00:00,0.0,841.72,,466.13
2026/06/01 14:15:00,0.0,839.74,,462.99
2026/06/01 14:30:00,0.0,837.09,,465.47
2026/06/01 14:45:00,0.0,838.08,,465.64
2026/06/01 15:00:00,0.0,835.27,,453.22
2026/06/01 15:15:00,0.0,830.96,,451.24
2026/06/01 15:30:00,0.0,831.96,,449.25
2026/06/01 15:45:00,0.0,830.8,,450.24
2026/06/01 16:00:00,0.0,829.81,,440.97
2026/06/01 16:15:00,0.0,826.0,,448.75
2026/06/01 16:30:00,0.0,826.66,,447.59
2026/06/01 16:45:00,0.0,825.34,,434.19
2026/06/01 17:00:00,0.0,825.5,,434.52
2026/06/01 17:15:00,0.0,821.53,,435.18
2026/06/01 17:30:00,0.0,820.54,,417.47
2026/06/01 17:45:00,0.0,818.22,,430.88
2026/06/01 18:00:00,0.0,818.05,,423.76
2026/06/01 18:15:00,0.0,817.39,,422.6
2026/06/01 18:30:00,0.0,823.02,,444.45
2026/06/01 18:45:00,0.0,821.69,,426.24
2026/06/01 19:00:00,0.0,825.67,,426.41
2026/06/01 19:15:00,0.0,825.0,,431.87
2026/06/01 19:30:00,0.0,825.67,,430.05
2026/06/01 19:45:00,0.0,823.85,,427.4
2026/06/01 20:00:00,0.0,826.0,,427.07
2026/06/01 20:15:00,0.0,826.0,,428.89
2026/06/01 20:30:00,0.0,823.02,,422.1
2026/06/01 20:45:00,0.0,823.51,,198.31
2026/06/01 21:00:00,0.0,823.18,,198.31
2026/06/01 21:15:00,0.0,817.06,,198.14
2026/06/01 21:30:00,0.0,0.0,,124.48
2026/06/01 21:45:00,0.0,0.0,,3.97
2026/06/01 22:00:00,0.0,0.0,,3.97
2026/06/01 22:15:00,0.0,0.0,,3.97
2026/06/01 22:30:00,0.0,0.0,,0.0
2026/06/01 22:45:00,0.0,0.0,,0.0
2026/06/01 23:00:00,0.0,0.0,,0.0
2026/06/01 23:15:00,0.0,0.0,,3.81
2026/06/01 23:30:00,0.0,0.0,,3.97
2026/06/01 23:45:00,0.0,0.0,,3.97
2026/06/02 00:00:00,0.0,0.0,,3.64
2026/06/02 00:15:00,0.0,0.0,,0.0
2026/06/02 00:30:00,0.0,0.0,,0.0
2026/06/02 00:45:00,0.0,0.0,,0.0
2026/06/02 01:00:00,0.0,0.0,,0.0
2026/06/02 01:15:00,0.0,0.0,,0.0
2026/06/02 01:30:00,0.0,0.0,,0.0
2026/06/02 01:45:00,0.0,0.0,,0.0
2026/06/02 02:00:00,0.0,0.0,,0.0
2026/06/02 02:15:00,0.0,0.0,,0.0
2026/06/02 02:30:00,0.0,0.0,,0.0
2026/06/02 02:45:00,0.0,0.0,,0.0
2026/06/02 03:00:00,0.0,0.0,,0.0
2026/06/02 03:15:00,0.0,0.0,,0.0
2026/06/02 03:30:00,0.0,0.0,,0.0
2026/06/02 03:45:00,0.0,0.0,,0.0
2026/06/02 04:00:00,0.0,0.0,,0.0
2026/06/02 04:15:00,0.0,0.0,,0.0
2026/06/02 04:30:00,0.0,0.0,,0.0
2026/06/02 04:45:00,0.0,0.0,,0.0
2026/06/02 05:00:00,0.0,0.0,,0.0
2026/06/02 05:15:00,0.0,0.0,,0.0
2026/06/02 05:30:00,0.0,0.0,,0.0
2026/06/02 05:45:00,0.0,0.0,,0.0
2026/06/02 06:00:00,0.0,0.0,,0.0
2026/06/02 06:15:00,0.0,0.0,,0.0
2026/06/02 06:30:00,0.0,0.0,,0.0
2026/06/02 06:45:00,0.0,0.0,,0.0
2026/06/02 07:00:00,0.0,0.0,,0.0
2026/06/02 07:15:00,0.0,0.0,,0.0
2026/06/02 07:30:00,0.0,0.0,,3.64
2026/06/02 07:45:00,0.0,0.0,,0.0
2026/06/02 08:00:00,0.0,0.0,,0.0
2026/06/02 08:15:00,0.0,0.0,,0.0
2026/06/02 08:30:00,0.0,0.0,,0.0
2026/06/02 08:45:00,0.0,0.0,,0.0
2026/06/02 09:00:00,0.0,0.0,,0.0
2026/06/02 09:15:00,822.52,0.0,,113.39
2026/06/02 09:30:00,852.65,0.0,,112.89
2026/06/02 09:45:00,861.42,0.0,,113.22
2026/06/02 10:00:00,878.47,0.0,,205.26
2026/06/02 10:15:00,859.77,0.0,,522.75
2026/06/02 10:30:00,855.3,0.0,,533.51
2026/06/02 10:45:00,855.96,0.0,,503.38
2026/06/02 11:00:00,852.98,0.0,,490.96
2026/06/02 11:15:00,855.13,0.0,,477.72
2026/06/02 11:30:00,854.97,0.0,,480.04
2026/06/02 11:45:00,853.64,0.0,,481.03
2026/06/02 12:00:00,853.81,0.0,,470.11
2026/06/02 12:15:00,856.62,0.0,,462.49
2026/06/02 12:30:00,856.95,0.0,,477.22
2026/06/02 12:45:00,858.61,0.0,,463.82
2026/06/02 13:00:00,859.93,0.0,,467.79
2026/06/02 13:15:00,859.6,0.0,,468.78
2026/06/02 13:30:00,859.6,0.0,,471.93
2026/06/02 13:45:00,861.42,0.0,,469.94
2026/06/02 14:00:00,860.59,0.0,,472.09
2026/06/02 14:15:00,855.13,0.0,,466.13
2026/06/02 14:30:00,854.63,0.0,,465.47
2026/06/02 14:45:00,856.29,0.0,,460.67
2026/06/02 15:00:00,853.31,0.0,,465.47
2026/06/02 15:15:00,851.99,0.0,,455.71
2026/06/02 15:30:00,850.66,0.0,,460.01
2026/06/02 15:45:00,848.84,0.0,,449.25
2026/06/02 16:00:00,848.01,0.0,,451.24
2026/06/02 16:15:00,844.87,0.0,,456.04
2026/06/02 16:30:00,844.04,0.0,,446.77
2026/06/02 16:45:00,844.37,0.0,,446.44
2026/06/02 17:00:00,846.03,0.0,,444.95
2026/06/02 17:15:00,842.55,0.0,,451.9
2026/06/02 17:30:00,841.23,0.0,,448.09
2026/06/02 17:45:00,842.88,0.0,,446.93
2026/06/02 18:00:00,846.19,0.0,,452.4
2026/06/02 18:15:00,841.56,0.0,,458.85
2026/06/02 18:30:00,843.54,0.0,,450.74
2026/06/02 18:45:00,843.21,0.0,,451.73
2026/06/02 19:00:00,841.72,0.0,,439.98
2026/06/02 19:15:00,838.41,0.0,,442.13
2026/06/02 19:30:00,838.25,0.0,,442.63
2026/06/02 19:45:00,841.06,0.0,,441.97
2026/06/02 20:00:00,841.06,0.0,,440.81
2026/06/02 20:15:00,842.05,0.0,,450.08
2026/06/02 20:30:00,845.2,0.0,,204.76
2026/06/02 20:45:00,847.02,0.0,,204.76
2026/06/02 21:00:00,844.21,0.0,,204.76
2026/06/02 21:15:00,843.54,0.0,,204.26
2026/06/02 21:30:00,0.0,0.0,,124.15
2026/06/02 21:45:00,0.0,0.0,,3.81
2026/06/02 22:00:00,0.0,0.0,,3.97
2026/06/02 22:15:00,0.0,0.0,,4.14
2026/06/02 22:30:00,0.0,0.0,,0.0
2026/06/02 22:45:00,0.0,0.0,,0.0
2026/06/02 23:00:00,0.0,0.0,,0.0
2026/06/02 23:15:00,0.0,0.0,,3.97
2026/06/02 23:30:00,0.0,0.0,,0.0
2026/06/02 23:45:00,0.0,0.0,,3.97
2026/06/03 00:00:00,0.0,0.0,,3.97
2026/06/03 00:15:00,0.0,0.0,,0.0
2026/06/03 00:30:00,0.0,0.0,,3.97
2026/06/03 00:45:00,0.0,0.0,,3.81
2026/06/03 01:00:00,0.0,0.0,,3.81
2026/06/03 01:15:00,0.0,0.0,,3.97
2026/06/03 01:30:00,0.0,0.0,,3.97
2026/06/03 01:45:00,0.0,0.0,,3.97
2026/06/03 02:00:00,0.0,0.0,,3.97
2026/06/03 02:15:00,0.0,0.0,,4.14
2026/06/03 02:30:00,0.0,0.0,,3.97
2026/06/03 02:45:00,0.0,0.0,,3.97
2026/06/03 03:00:00,0.0,0.0,,4.14
2026/06/03 03:15:00,0.0,0.0,,4.14
2026/06/03 03:30:00,0.0,0.0,,3.97
2026/06/03 03:45:00,0.0,0.0,,4.14
2026/06/03 04:00:00,0.0,0.0,,4.14
2026/06/03 04:15:00,0.0,0.0,,4.14
2026/06/03 04:30:00,0.0,0.0,,3.97
2026/06/03 04:45:00,0.0,0.0,,3.97
2026/06/03 05:00:00,0.0,0.0,,4.14
2026/06/03 05:15:00,0.0,0.0,,4.14
2026/06/03 05:30:00,0.0,0.0,,3.97
2026/06/03 05:45:00,0.0,0.0,,4.14
2026/06/03 06:00:00,0.0,0.0,,3.81
2026/06/03 06:15:00,0.0,0.0,,4.14
2026/06/03 06:30:00,0.0,0.0,,3.97
2026/06/03 06:45:00,0.0,0.0,,3.97
2026/06/03 07:00:00,0.0,0.0,,3.97
2026/06/03 07:15:00,0.0,0.0,,0.0
2026/06/03 07:30:00,0.0,0.0,,0.0
2026/06/03 07:45:00,0.0,0.0,,0.0
2026/06/03 08:00:00,0.0,0.0,,0.0
2026/06/03 08:15:00,0.0,0.0,,0.0
2026/06/03 08:30:00,0.0,0.0,,0.0
2026/06/03 08:45:00,0.0,0.0,,3.81
2026/06/03 09:00:00,0.0,0.0,,105.61
2026/06/03 09:15:00,877.48,0.0,,105.28
2026/06/03 09:30:00,854.8,0.0,,105.28
2026/06/03 09:45:00,865.73,0.0,,105.44
2026/06/03 10:00:00,842.05,0.0,,105.11
2026/06/03 10:15:00,802.0,0.0,,105.11
2026/06/03 10:30:00,852.48,0.0,,198.8
2026/06/03 10:45:00,860.76,0.0,,198.31
2026/06/03 11:00:00,861.42,0.0,,198.14
2026/06/03 11:15:00,866.39,0.0,,198.64
2026/06/03 11:30:00,870.53,0.0,,198.31
2026/06/03 11:45:00,870.03,0.0,,198.14
2026/06/03 12:00:00,865.23,0.0,,197.48
2026/06/03 12:15:00,865.06,0.0,,197.97
2026/06/03 12:30:00,866.39,0.0,,197.48
2026/06/03 12:45:00,866.22,0.0,,197.48
2026/06/03 13:00:00,861.26,0.0,,197.97
2026/06/03 13:15:00,863.9,0.0,,197.64
2026/06/03 13:30:00,864.73,0.0,,197.48
2026/06/03 13:45:00,864.57,0.0,,197.81
2026/06/03 14:00:00,866.88,0.0,,197.64
2026/06/03 14:15:00,867.88,0.0,,197.64
2026/06/03 14:30:00,822.85,0.0,,229.76
2026/06/03 14:45:00,740.92,0.0,,217.67
2026/06/03 15:00:00,642.09,0.0,,123.65
2026/06/03 15:15:00,876.15,0.0,,198.14
2026/06/03 15:30:00,873.17,0.0,,198.14
2026/06/03 15:45:00,877.48,0.0,,197.81
2026/06/03 16:00:00,879.13,0.0,,197.97
2026/06/03 16:15:00,875.16,0.0,,197.64
2026/06/03 16:30:00,875.99,0.0,,197.81
2026/06/03 16:45:00,880.29,0.0,,197.97
2026/06/03 17:00:00,882.61,0.0,,197.97
2026/06/03 17:15:00,878.47,0.0,,197.97
2026/06/03 17:30:00,882.61,0.0,,198.31
2026/06/03 17:45:00,880.95,0.0,,197.97
2026/06/03 18:00:00,883.11,0.0,,198.14
2026/06/03 18:15:00,881.95,0.0,,198.14
2026/06/03 18:30:00,881.78,0.0,,198.14
2026/06/03 18:45:00,882.44,0.0,,197.81
2026/06/03 19:00:00,887.74,0.0,,197.97
2026/06/03 19:15:00,888.9,0.0,,197.64
2026/06/03 19:30:00,886.25,0.0,,198.31
2026/06/03 19:45:00,886.75,0.0,,198.14
2026/06/03 20:00:00,891.38,0.0,,197.97
2026/06/03 20:15:00,891.88,0.0,,197.81
2026/06/03 20:30:00,887.58,0.0,,198.47
2026/06/03 20:45:00,887.58,0.0,,197.97
2026/06/03 21:00:00,885.26,0.0,,197.97
2026/06/03 21:15:00,885.59,0.0,,198.8
2026/06/03 21:30:00,0.0,0.0,,105.44
2026/06/03 21:45:00,0.0,0.0,,3.81
2026/06/03 22:00:00,0.0,0.0,,3.97
2026/06/03 22:15:00,0.0,0.0,,4.14
2026/06/03 22:30:00,0.0,0.0,,3.97
2026/06/03 22:45:00,0.0,0.0,,4.14
2026/06/03 23:00:00,0.0,0.0,,3.81
2026/06/03 23:15:00,0.0,0.0,,3.81
2026/06/03 23:30:00,0.0,0.0,,3.81
2026/06/03 23:45:00,0.0,0.0,,0.0
2026/06/04 00:00:00,0.0,0.0,0.0,
2026/06/04 00:15:00,0.0,0.0,0.0,
2026/06/04 00:30:00,0.0,0.0,0.0,
2026/06/04 00:45:00,0.0,0.0,0.0,
2026/06/04 01:00:00,0.0,0.0,0.0,
2026/06/04 01:15:00,0.0,0.0,0.0,
2026/06/04 01:30:00,0.0,0.0,0.0,
2026/06/04 01:45:00,0.0,0.0,0.0,
2026/06/04 02:00:00,0.0,0.0,0.0,
2026/06/04 02:15:00,0.0,0.0,0.0,
2026/06/04 02:30:00,0.0,0.0,0.0,
2026/06/04 02:45:00,0.0,0.0,0.0,
2026/06/04 03:00:00,0.0,0.0,0.0,
2026/06/04 03:15:00,0.0,0.0,0.0,
2026/06/04 03:30:00,0.0,0.0,0.0,
2026/06/04 03:45:00,0.0,0.0,0.0,
2026/06/04 04:00:00,0.0,0.0,0.0,
2026/06/04 04:15:00,0.0,0.0,0.0,
2026/06/04 04:30:00,3.81,0.0,0.0,
2026/06/04 04:45:00,0.0,0.0,0.0,
2026/06/04 05:00:00,3.81,0.0,0.0,
2026/06/04 05:15:00,0.0,0.0,0.0,
2026/06/04 05:30:00,0.0,0.0,0.0,
2026/06/04 05:45:00,0.0,0.0,0.0,
2026/06/04 06:00:00,0.0,0.0,0.0,
2026/06/04 06:15:00,0.0,0.0,0.0,
2026/06/04 06:30:00,0.0,0.0,0.0,
2026/06/04 06:45:00,0.0,0.0,0.0,
2026/06/04 07:00:00,0.0,0.0,0.0,
2026/06/04 07:15:00,0.0,0.0,0.0,
2026/06/04 07:30:00,0.0,0.0,0.0,
2026/06/04 07:45:00,0.0,0.0,0.0,
2026/06/04 08:00:00,0.0,0.0,0.0,
2026/06/04 08:15:00,0.0,0.0,0.0,
2026/06/04 08:30:00,0.0,0.0,0.0,
2026/06/04 08:45:00,0.0,0.0,0.0,
2026/06/04 09:00:00,113.06,0.0,724.2,
2026/06/04 09:15:00,112.73,0.0,855.63,
2026/06/04 09:30:00,113.06,0.0,850.5,
2026/06/04 09:45:00,112.73,0.0,847.52,
2026/06/04 10:00:00,207.74,0.0,847.35,
2026/06/04 10:15:00,207.08,0.0,843.71,
2026/06/04 10:30:00,206.91,0.0,666.1,
2026/06/04 10:45:00,207.08,0.0,607.0,
2026/06/04 11:00:00,206.75,0.0,586.64,
2026/06/04 11:15:00,207.08,0.0,570.92,
2026/06/04 11:30:00,207.08,0.0,575.72,
2026/06/04 11:45:00,206.75,0.0,574.89,
2026/06/04 12:00:00,206.91,0.0,573.4,
2026/06/04 12:15:00,206.58,0.0,579.36,
2026/06/04 12:30:00,207.24,0.0,577.04,
2026/06/04 12:45:00,206.58,0.0,582.17,
2026/06/04 13:00:00,206.58,0.0,582.34,
2026/06/04 13:15:00,207.08,0.0,580.68,
2026/06/04 13:30:00,206.91,0.0,580.68,
2026/06/04 13:45:00,207.08,0.0,580.02,
2026/06/04 14:00:00,207.08,0.0,582.17,
2026/06/04 14:15:00,206.91,0.0,580.35,
2026/06/04 14:30:00,207.24,0.0,583.0,
2026/06/04 14:45:00,207.58,0.0,580.35,
2026/06/04 15:00:00,207.24,0.0,577.04,
2026/06/04 15:15:00,207.24,0.0,561.48,
2026/06/04 15:30:00,207.08,0.0,559.99,
2026/06/04 15:45:00,207.24,0.0,559.66,
2026/06/04 16:00:00,206.91,0.0,558.0,
2026/06/04 16:15:00,206.91,0.0,556.68,
2026/06/04 16:30:00,207.08,0.0,556.85,
2026/06/04 16:45:00,207.24,0.0,557.34,
2026/06/04 17:00:00,207.24,0.0,561.31,
2026/06/04 17:15:00,206.91,0.0,559.99,
2026/06/04 17:30:00,207.08,0.0,559.16,
2026/06/04 17:45:00,207.24,0.0,558.5,
2026/06/04 18:00:00,206.58,0.0,574.89,
2026/06/04 18:15:00,207.24,0.0,572.74,
2026/06/04 18:30:00,207.08,0.0,569.92,
2026/06/04 18:45:00,207.08,0.0,577.7,
2026/06/04 19:00:00,207.08,0.0,574.72,
2026/06/04 19:15:00,207.41,0.0,571.74,
2026/06/04 19:30:00,207.24,0.0,574.23,
2026/06/04 19:45:00,207.41,0.0,574.06,
2026/06/04 20:00:00,206.91,0.0,572.24,
2026/06/04 20:15:00,206.91,0.0,574.06,
2026/06/04 20:30:00,207.24,0.0,0.0,
2026/06/04 20:45:00,207.58,0.0,0.0,
2026/06/04 21:00:00,207.41,0.0,0.0,
2026/06/04 21:15:00,206.91,0.0,0.0,
2026/06/04 21:30:00,189.53,0.0,0.0,
2026/06/04 21:45:00,113.39,0.0,0.0,
2026/06/04 22:00:00,113.39,0.0,0.0,
2026/06/04 22:15:00,4.14,0.0,0.0,
2026/06/04 22:30:00,3.81,0.0,0.0,
2026/06/04 22:45:00,3.97,0.0,0.0,
2026/06/04 23:00:00,3.81,0.0,0.0,
2026/06/04 23:15:00,3.97,0.0,0.0,
2026/06/04 23:30:00,0.0,0.0,0.0,
2026/06/04 23:45:00,0.0,0.0,0.0,
2026/06/12 00:00:00,0.0,0.0,,0.0
2026/06/12 00:15:00,0.0,0.0,,0.0
2026/06/12 00:30:00,0.0,0.0,,0.0
2026/06/12 00:45:00,0.0,0.0,,0.0
2026/06/12 01:00:00,0.0,0.0,,0.0
2026/06/12 01:15:00,0.0,0.0,,0.0
2026/06/12 01:30:00,0.0,0.0,,0.0
2026/06/12 01:45:00,0.0,0.0,,0.0
2026/06/12 02:00:00,0.0,0.0,,0.0
2026/06/12 02:15:00,0.0,0.0,,0.0
2026/06/12 02:30:00,0.0,0.0,,0.0
2026/06/12 02:45:00,0.0,0.0,,0.0
2026/06/12 03:00:00,0.0,0.0,,0.0
2026/06/12 03:15:00,0.0,0.0,,0.0
2026/06/12 03:30:00,0.0,0.0,,0.0
2026/06/12 03:45:00,0.0,0.0,,0.0
2026/06/12 04:00:00,0.0,0.0,,0.0
2026/06/12 04:15:00,0.0,0.0,,0.0
2026/06/12 04:30:00,0.0,0.0,,0.0
2026/06/12 04:45:00,0.0,0.0,,0.0
2026/06/12 05:00:00,0.0,0.0,,0.0
2026/06/12 05:15:00,0.0,0.0,,3.31
2026/06/12 05:30:00,0.0,0.0,,0.0
2026/06/12 05:45:00,0.0,0.0,,0.0
2026/06/12 06:00:00,0.0,0.0,,0.0
2026/06/12 06:15:00,0.0,0.0,,0.0
2026/06/12 06:30:00,0.0,0.0,,0.0
2026/06/12 06:45:00,0.0,0.0,,0.0
2026/06/12 07:00:00,0.0,0.0,,0.0
2026/06/12 07:15:00,0.0,0.0,,0.0
2026/06/12 07:30:00,0.0,0.0,,0.0
2026/06/12 07:45:00,0.0,0.0,,0.0
2026/06/12 08:00:00,0.0,0.0,,0.0
2026/06/12 08:15:00,0.0,0.0,,0.0
2026/06/12 08:30:00,0.0,0.0,,0.0
2026/06/12 08:45:00,0.0,0.0,,0.0
2026/06/12 09:00:00,0.0,0.0,,0.0
2026/06/12 09:15:00,0.0,850.99,,108.42
2026/06/12 09:30:00,0.0,596.24,,108.26
2026/06/12 09:45:00,0.0,845.53,,106.93
2026/06/12 10:00:00,0.0,823.51,,508.18
2026/06/12 10:15:00,0.0,841.56,,588.46
2026/06/12 10:30:00,0.0,839.24,,567.11
2026/06/12 10:45:00,0.0,810.93,,544.6
2026/06/12 11:00:00,0.0,738.76,,510.17
2026/06/12 11:15:00,0.0,702.18,,513.81
2026/06/12 11:30:00,0.0,698.7,,502.55
2026/06/12 11:45:00,0.0,701.19,,503.54
2026/06/12 12:00:00,0.0,705.66,,507.02
2026/06/12 12:15:00,0.0,698.7,,505.36
2026/06/12 12:30:00,0.0,696.88,,496.59
2026/06/12 12:45:00,0.0,685.3,,499.41
2026/06/12 13:00:00,0.0,678.34,,494.94
2026/06/12 13:15:00,0.0,682.15,,488.81
2026/06/12 13:30:00,0.0,691.92,,498.41
2026/06/12 13:45:00,0.0,683.64,,493.78
2026/06/12 14:00:00,0.0,681.32,,496.59
2026/06/12 14:15:00,0.0,663.94,,488.48
2026/06/12 14:30:00,0.0,634.48,,486.16
2026/06/12 14:45:00,0.0,632.99,,483.51
2026/06/12 15:00:00,0.0,616.44,,478.55
2026/06/12 15:15:00,0.0,613.62,,467.46
2026/06/12 15:30:00,0.0,624.55,,470.93
2026/06/12 15:45:00,0.0,607.5,,467.62
2026/06/12 16:00:00,0.0,601.21,,458.69
2026/06/12 16:15:00,0.0,587.96,,458.19
2026/06/12 16:30:00,0.0,589.79,,468.95
2026/06/12 16:45:00,0.0,601.21,,458.02
2026/06/12 17:00:00,0.0,595.41,,456.2
2026/06/12 17:15:00,0.0,588.96,,465.47
2026/06/12 17:30:00,0.0,595.91,,459.35
2026/06/12 17:45:00,0.0,597.07,,461.66
2026/06/12 18:00:00,0.0,597.23,,450.74
2026/06/12 18:15:00,0.0,600.54,,452.4
2026/06/12 18:30:00,0.0,610.31,,460.51
2026/06/12 18:45:00,0.0,604.68,,466.8
2026/06/12 19:00:00,0.0,631.33,,195.82
2026/06/12 19:15:00,0.0,696.55,,195.99
2026/06/12 19:30:00,0.0,700.69,,195.66
2026/06/12 19:45:00,0.0,707.97,,195.82
2026/06/12 20:00:00,0.0,708.97,,195.82
2026/06/12 20:15:00,0.0,715.26,,195.66
2026/06/12 20:30:00,0.0,712.28,,195.82
2026/06/12 20:45:00,0.0,691.59,,195.82
2026/06/12 21:00:00,0.0,668.91,,195.82
2026/06/12 21:15:00,0.0,658.48,,196.15
2026/06/12 21:30:00,0.0,0.0,,115.87
2026/06/12 21:45:00,0.0,0.0,,0.0
2026/06/12 22:00:00,0.0,0.0,,0.0
2026/06/12 22:15:00,0.0,0.0,,0.0
2026/06/12 22:30:00,0.0,0.0,,0.0
2026/06/12 22:45:00,0.0,0.0,,0.0
2026/06/12 23:00:00,0.0,0.0,,0.0
2026/06/12 23:15:00,0.0,0.0,,0.0
2026/06/12 23:30:00,0.0,0.0,,0.0
2026/06/12 23:45:00,0.0,0.0,,0.0
2026/06/17 00:00:00,0.0,0.0,,3.81
2026/06/17 00:15:00,0.0,0.0,,3.81
2026/06/17 00:30:00,0.0,0.0,,3.81
2026/06/17 00:45:00,0.0,0.0,,3.81
2026/06/17 01:00:00,0.0,0.0,,3.97
2026/06/17 01:15:00,0.0,0.0,,3.81
2026/06/17 01:30:00,0.0,0.0,,3.97
2026/06/17 01:45:00,0.0,0.0,,4.14
2026/06/17 02:00:00,0.0,0.0,,3.97
2026/06/17 02:15:00,0.0,0.0,,3.97
2026/06/17 02:30:00,0.0,0.0,,3.97
2026/06/17 02:45:00,0.0,0.0,,3.97
2026/06/17 03:00:00,0.0,0.0,,4.14
2026/06/17 03:15:00,0.0,0.0,,3.97
2026/06/17 03:30:00,0.0,0.0,,3.97
2026/06/17 03:45:00,0.0,0.0,,3.97
2026/06/17 04:00:00,0.0,0.0,,4.14
2026/06/17 04:15:00,0.0,0.0,,3.97
2026/06/17 04:30:00,0.0,0.0,,4.14
2026/06/17 04:45:00,0.0,0.0,,3.97
2026/06/17 05:00:00,0.0,0.0,,3.97
2026/06/17 05:15:00,0.0,0.0,,3.97
2026/06/17 05:30:00,0.0,0.0,,4.14
2026/06/17 05:45:00,0.0,0.0,,0.0
2026/06/17 06:00:00,0.0,0.0,,0.0
2026/06/17 06:15:00,0.0,0.0,,0.0
2026/06/17 06:30:00,0.0,0.0,,0.0
2026/06/17 06:45:00,0.0,0.0,,0.0
2026/06/17 07:00:00,0.0,0.0,,0.0
2026/06/17 07:15:00,0.0,0.0,,0.0
2026/06/17 07:30:00,0.0,0.0,,0.0
2026/06/17 07:45:00,0.0,0.0,,0.0
2026/06/17 08:00:00,0.0,0.0,,0.0
2026/06/17 08:15:00,0.0,0.0,,0.0
2026/06/17 08:30:00,0.0,0.0,,0.0
2026/06/17 08:45:00,0.0,0.0,,0.0
2026/06/17 09:00:00,0.0,0.0,,0.0
2026/06/17 09:15:00,835.6,0.0,,86.9
2026/06/17 09:30:00,859.6,0.0,,87.07
2026/06/17 09:45:00,789.08,0.0,,87.07
2026/06/17 10:00:00,775.84,0.0,,87.07
2026/06/17 10:15:00,701.19,0.0,,86.74
2026/06/17 10:30:00,685.79,0.0,,427.23
2026/06/17 10:45:00,853.31,0.0,,554.69
2026/06/17 11:00:00,844.37,0.0,,544.93
2026/06/17 11:15:00,844.7,0.0,,528.87
2026/06/17 11:30:00,839.9,0.0,,510.5
2026/06/17 11:45:00,835.6,0.0,,506.19
2026/06/17 12:00:00,834.94,0.0,,503.05
2026/06/17 12:15:00,835.43,0.0,,508.18
2026/06/17 12:30:00,837.25,0.0,,507.19
2026/06/17 12:45:00,835.43,0.0,,499.41
2026/06/17 13:00:00,834.61,0.0,,500.07
2026/06/17 13:15:00,835.1,0.0,,511.32
2026/06/17 13:30:00,832.29,0.0,,495.76
2026/06/17 13:45:00,834.11,0.0,,493.28
2026/06/17 14:00:00,829.81,0.0,,491.46
2026/06/17 14:15:00,822.69,0.0,,487.98
2026/06/17 14:30:00,804.98,0.0,,478.38
2026/06/17 14:45:00,793.22,0.0,,480.7
2026/06/17 15:00:00,777.99,0.0,,478.05
2026/06/17 15:15:00,761.28,0.0,,468.62
2026/06/17 15:30:00,752.34,0.0,,467.79
2026/06/17 15:45:00,748.53,0.0,,472.92
2026/06/17 16:00:00,748.86,0.0,,473.09
2026/06/17 16:15:00,747.54,0.0,,481.03
2026/06/17 16:30:00,749.36,0.0,,471.43
2026/06/17 16:45:00,748.86,0.0,,483.18
2026/06/17 17:00:00,751.84,0.0,,492.62
2026/06/17 17:15:00,757.96,0.0,,491.13
2026/06/17 17:30:00,770.88,0.0,,505.53
2026/06/17 17:45:00,763.92,0.0,,488.65
2026/06/17 18:00:00,765.74,0.0,,491.13
2026/06/17 18:15:00,765.91,0.0,,491.29
2026/06/17 18:30:00,767.23,0.0,,487.98
2026/06/17 18:45:00,765.74,0.0,,487.32
2026/06/17 19:00:00,766.9,0.0,,483.51
2026/06/17 19:15:00,764.42,0.0,,488.98
2026/06/17 19:30:00,765.91,0.0,,504.7
2026/06/17 19:45:00,765.25,0.0,,497.09
2026/06/17 20:00:00,767.23,0.0,,491.96
2026/06/17 20:15:00,765.41,0.0,,500.56
2026/06/17 20:30:00,769.22,0.0,,499.24
2026/06/17 20:45:00,787.76,0.0,,165.53
2026/06/17 21:00:00,847.68,0.0,,165.37
2026/06/17 21:15:00,846.85,0.0,,165.37
2026/06/17 21:30:00,0.0,0.0,,105.11
2026/06/17 21:45:00,0.0,0.0,,3.97
2026/06/17 22:00:00,0.0,0.0,,3.97
2026/06/17 22:15:00,0.0,0.0,,3.97
2026/06/17 22:30:00,0.0,0.0,,4.14
2026/06/17 22:45:00,0.0,0.0,,3.97
2026/06/17 23:00:00,0.0,0.0,,4.14
2026/06/17 23:15:00,0.0,0.0,,4.14
2026/06/17 23:30:00,0.0,0.0,,4.14
2026/06/17 23:45:00,0.0,0.0,,4.14
2026/06/18 00:00:00,0.0,0.0,,3.97
2026/06/18 00:15:00,0.0,0.0,,3.97
2026/06/18 00:30:00,0.0,0.0,,3.97
2026/06/18 00:45:00,0.0,0.0,,4.14
2026/06/18 01:00:00,0.0,0.0,,3.97
2026/06/18 01:15:00,0.0,0.0,,3.81
2026/06/18 01:30:00,0.0,0.0,,3.97
2026/06/18 01:45:00,0.0,0.0,,4.14
2026/06/18 02:00:00,0.0,0.0,,3.97
2026/06/18 02:15:00,0.0,0.0,,4.14
2026/06/18 02:30:00,0.0,0.0,,3.97
2026/06/18 02:45:00,0.0,0.0,,3.97
2026/06/18 03:00:00,0.0,0.0,,3.81
2026/06/18 03:15:00,0.0,0.0,,4.14
2026/06/18 03:30:00,0.0,0.0,,3.97
2026/06/18 03:45:00,0.0,0.0,,3.97
2026/06/18 04:00:00,0.0,0.0,,4.14
2026/06/18 04:15:00,0.0,0.0,,3.97
2026/06/18 04:30:00,0.0,0.0,,3.97
2026/06/18 04:45:00,0.0,0.0,,3.97
2026/06/18 05:00:00,0.0,0.0,,4.3
2026/06/18 05:15:00,0.0,0.0,,4.14
2026/06/18 05:30:00,0.0,0.0,,3.97
2026/06/18 05:45:00,0.0,0.0,,3.97
2026/06/18 06:00:00,0.0,0.0,,3.81
2026/06/18 06:15:00,0.0,0.0,,3.97
2026/06/18 06:30:00,0.0,0.0,,3.97
2026/06/18 06:45:00,0.0,0.0,,3.97
2026/06/18 07:00:00,0.0,0.0,,3.81
2026/06/18 07:15:00,0.0,0.0,,3.81
2026/06/18 07:30:00,0.0,0.0,,3.81
2026/06/18 07:45:00,0.0,0.0,,3.81
2026/06/18 08:00:00,0.0,0.0,,0.0
2026/06/18 08:15:00,0.0,0.0,,0.0
2026/06/18 08:30:00,0.0,0.0,,0.0
2026/06/18 08:45:00,0.0,0.0,,0.0
2026/06/18 09:00:00,0.0,0.0,,0.0
2026/06/18 09:15:00,852.15,0.0,,124.31
2026/06/18 09:30:00,857.12,0.0,,123.98
2026/06/18 09:45:00,861.92,0.0,,123.82
2026/06/18 10:00:00,854.63,0.0,,123.98
2026/06/18 10:15:00,856.46,0.0,,391.48
2026/06/18 10:30:00,864.07,0.0,,546.25
2026/06/18 10:45:00,858.11,0.0,,539.3
2026/06/18 11:00:00,844.54,0.0,,520.26
2026/06/18 11:15:00,786.1,0.0,,503.21
2026/06/18 11:30:00,855.79,0.0,,562.8
2026/06/18 11:45:00,857.78,0.0,,546.58
2026/06/18 12:00:00,864.57,0.0,,551.05
2026/06/18 12:15:00,862.41,0.0,,549.89
2026/06/18 12:30:00,863.9,0.0,,558.33
2026/06/18 12:45:00,863.57,0.0,,544.1
2026/06/18 13:00:00,862.91,0.0,,557.67
2026/06/18 13:15:00,864.57,0.0,,543.93
2026/06/18 13:30:00,862.75,0.0,,546.42
2026/06/18 13:45:00,866.72,0.0,,549.23
2026/06/18 14:00:00,863.9,0.0,,539.79
2026/06/18 14:15:00,863.74,0.0,,549.23
2026/06/18 14:30:00,859.1,0.0,,538.97
2026/06/18 14:45:00,860.59,0.0,,550.89
2026/06/18 15:00:00,859.6,0.0,,539.46
2026/06/18 15:15:00,857.12,0.0,,528.54
2026/06/18 15:30:00,855.46,0.0,,544.6
2026/06/18 15:45:00,853.97,0.0,,534.5
2026/06/18 16:00:00,857.78,0.0,,536.82
2026/06/18 16:15:00,855.79,0.0,,525.06
2026/06/18 16:30:00,858.28,0.0,,537.31
2026/06/18 16:45:00,856.46,0.0,,529.04
2026/06/18 17:00:00,862.41,0.0,,541.29
2026/06/18 17:15:00,858.28,0.0,,540.62
2026/06/18 17:30:00,858.77,0.0,,551.22
2026/06/18 17:45:00,862.41,0.0,,550.39
2026/06/18 18:00:00,864.07,0.0,,554.69
2026/06/18 18:15:00,861.92,0.0,,548.9
2026/06/18 18:30:00,867.38,0.0,,552.38
2026/06/18 18:45:00,868.21,0.0,,558.33
2026/06/18 19:00:00,868.54,0.0,,557.84
2026/06/18 19:15:00,866.72,0.0,,566.94
2026/06/18 19:30:00,868.54,0.0,,564.13
2026/06/18 19:45:00,871.68,0.0,,569.09
2026/06/18 20:00:00,874.17,0.0,,572.4
2026/06/18 20:15:00,874.33,0.0,,579.19
2026/06/18 20:30:00,872.68,0.0,,579.19
2026/06/18 20:45:00,867.05,0.0,,581.67
2026/06/18 21:00:00,866.39,0.0,,574.06
2026/06/18 21:15:00,866.39,0.0,,562.14
2026/06/18 21:30:00,0.0,0.0,,105.61
2026/06/18 21:45:00,0.0,0.0,,3.97
2026/06/18 22:00:00,0.0,0.0,,0.0
2026/06/18 22:15:00,0.0,0.0,,0.0
2026/06/18 22:30:00,0.0,0.0,,3.97
2026/06/18 22:45:00,0.0,0.0,,0.0
2026/06/18 23:00:00,0.0,0.0,,3.81
2026/06/18 23:15:00,0.0,0.0,,3.97
2026/06/18 23:30:00,0.0,0.0,,3.97
2026/06/18 23:45:00,0.0,0.0,,3.81
2026/06/19 00:00:00,3.97,0.0,0.0,
2026/06/19 00:15:00,3.97,0.0,0.0,
2026/06/19 00:30:00,3.97,0.0,0.0,
2026/06/19 00:45:00,3.97,0.0,0.0,
2026/06/19 01:00:00,3.97,0.0,0.0,
2026/06/19 01:15:00,3.97,0.0,0.0,
2026/06/19 01:30:00,3.97,0.0,0.0,
2026/06/19 01:45:00,3.97,0.0,0.0,
2026/06/19 02:00:00,3.97,0.0,0.0,
2026/06/19 02:15:00,4.14,0.0,0.0,
2026/06/19 02:30:00,3.97,0.0,0.0,
2026/06/19 02:45:00,3.81,0.0,0.0,
2026/06/19 03:00:00,3.97,0.0,0.0,
2026/06/19 03:15:00,3.64,0.0,0.0,
2026/06/19 03:30:00,3.81,0.0,0.0,
2026/06/19 03:45:00,0.0,0.0,0.0,
2026/06/19 04:00:00,0.0,0.0,0.0,
2026/06/19 04:15:00,3.81,0.0,0.0,
2026/06/19 04:30:00,3.97,0.0,0.0,
2026/06/19 04:45:00,3.81,0.0,0.0,
2026/06/19 05:00:00,0.0,0.0,0.0,
2026/06/19 05:15:00,0.0,0.0,0.0,
2026/06/19 05:30:00,0.0,0.0,0.0,
2026/06/19 05:45:00,0.0,0.0,0.0,
2026/06/19 06:00:00,0.0,0.0,0.0,
2026/06/19 06:15:00,3.81,0.0,0.0,
2026/06/19 06:30:00,0.0,0.0,0.0,
2026/06/19 06:45:00,0.0,0.0,0.0,
2026/06/19 07:00:00,0.0,0.0,0.0,
2026/06/19 07:15:00,0.0,0.0,0.0,
2026/06/19 07:30:00,0.0,0.0,0.0,
2026/06/19 07:45:00,0.0,0.0,0.0,
2026/06/19 08:00:00,0.0,0.0,0.0,
2026/06/19 08:15:00,0.0,0.0,0.0,
2026/06/19 08:30:00,0.0,0.0,0.0,
2026/06/19 08:45:00,0.0,0.0,0.0,
2026/06/19 09:00:00,0.0,0.0,0.0,
2026/06/19 09:15:00,0.0,0.0,0.0,
2026/06/19 09:30:00,87.23,868.54,0.0,
2026/06/19 09:45:00,87.23,857.78,0.0,
2026/06/19 10:00:00,87.07,851.99,0.0,
2026/06/19 10:15:00,547.24,852.48,0.0,
2026/06/19 10:30:00,200.95,853.64,430.38,
2026/06/19 10:45:00,200.79,852.65,836.92,
2026/06/19 11:00:00,200.46,639.28,643.75,
2026/06/19 11:15:00,200.62,575.05,575.22,
2026/06/19 11:30:00,200.29,571.08,581.51,
2026/06/19 11:45:00,200.95,573.56,572.24,
2026/06/19 12:00:00,200.62,574.39,571.25,
2026/06/19 12:15:00,200.13,606.5,629.18,
2026/06/19 12:30:00,200.46,602.37,603.69,
2026/06/19 12:45:00,200.46,594.42,586.97,
2026/06/19 13:00:00,200.29,593.43,586.97,
2026/06/19 13:15:00,200.29,588.96,578.86,
2026/06/19 13:30:00,200.29,588.63,570.75,
2026/06/19 13:45:00,200.29,582.83,582.67,
2026/06/19 14:00:00,199.96,582.5,579.36,
2026/06/19 14:15:00,199.96,581.34,578.36,
2026/06/19 14:30:00,199.96,584.49,583.5,
2026/06/19 14:45:00,200.46,583.5,583.5,
2026/06/19 15:00:00,200.13,582.67,580.35,
2026/06/19 15:15:00,200.29,581.84,577.87,
2026/06/19 15:30:00,200.46,583.16,578.7,
2026/06/19 15:45:00,199.96,582.01,571.41,
2026/06/19 16:00:00,199.96,581.51,576.71,
2026/06/19 16:15:00,200.13,580.35,564.29,
2026/06/19 16:30:00,200.46,577.87,567.27,
2026/06/19 16:45:00,200.13,579.19,568.6,
2026/06/19 17:00:00,200.46,580.18,577.37,
2026/06/19 17:15:00,200.13,580.85,591.94,
2026/06/19 17:30:00,200.13,580.68,587.8,
2026/06/19 17:45:00,199.96,583.33,594.59,
2026/06/19 18:00:00,225.29,623.88,650.7,
2026/06/19 18:15:00,224.96,623.06,637.96,
2026/06/19 18:30:00,225.12,621.9,634.64,
2026/06/19 18:45:00,225.45,621.73,634.31,
2026/06/19 19:00:00,225.62,619.58,625.21,
2026/06/19 19:15:00,225.29,618.59,617.43,
2026/06/19 19:30:00,225.95,617.76,616.77,
2026/06/19 19:45:00,225.12,618.26,607.5,
2026/06/19 20:00:00,225.45,617.59,626.53,
2026/06/19 20:15:00,225.45,616.27,599.39,
2026/06/19 20:30:00,225.29,607.17,601.37,
2026/06/19 20:45:00,127.62,437.33,0.0,
2026/06/19 21:00:00,127.62,491.63,0.0,
2026/06/19 21:15:00,127.62,554.2,0.0,
2026/06/19 21:30:00,218.5,722.71,0.0,
2026/06/19 21:45:00,218.33,829.14,0.0,
2026/06/19 22:00:00,218.17,718.73,0.0,
2026/06/19 22:15:00,0.0,0.0,0.0,
2026/06/19 22:30:00,0.0,0.0,0.0,
2026/06/19 22:45:00,0.0,0.0,0.0,
2026/06/19 23:00:00,0.0,0.0,0.0,
2026/06/19 23:15:00,0.0,0.0,0.0,
2026/06/19 23:30:00,0.0,0.0,0.0,
2026/06/19 23:45:00,0.0,0.0,0.0,
2026/06/20 00:00:00,,0.0,0.0,0.0
2026/06/20 00:15:00,,0.0,0.0,0.0
2026/06/20 00:30:00,,0.0,0.0,0.0
2026/06/20 00:45:00,,0.0,0.0,0.0
2026/06/20 01:00:00,,3.97,0.0,0.0
2026/06/20 01:15:00,,0.0,0.0,0.0
2026/06/20 01:30:00,,3.97,0.0,0.0
2026/06/20 01:45:00,,3.97,0.0,0.0
2026/06/20 02:00:00,,3.81,0.0,0.0
2026/06/20 02:15:00,,3.81,0.0,0.0
2026/06/20 02:30:00,,4.14,0.0,0.0
2026/06/20 02:45:00,,3.97,0.0,0.0
2026/06/20 03:00:00,,3.97,0.0,0.0
2026/06/20 03:15:00,,3.81,0.0,0.0
2026/06/20 03:30:00,,4.14,0.0,0.0
2026/06/20 03:45:00,,4.14,0.0,0.0
2026/06/20 04:00:00,,3.97,0.0,0.0
2026/06/20 04:15:00,,3.97,0.0,0.0
2026/06/20 04:30:00,,3.97,0.0,0.0
2026/06/20 04:45:00,,3.97,0.0,0.0
2026/06/20 05:00:00,,3.97,0.0,0.0
2026/06/20 05:15:00,,3.81,0.0,0.0
2026/06/20 05:30:00,,3.97,0.0,0.0
2026/06/20 05:45:00,,3.97,0.0,0.0
2026/06/20 06:00:00,,3.81,0.0,0.0
2026/06/20 06:15:00,,3.97,0.0,0.0
2026/06/20 06:30:00,,3.97,0.0,0.0
2026/06/20 06:45:00,,3.97,0.0,0.0
2026/06/20 07:00:00,,3.97,0.0,0.0
2026/06/20 07:15:00,,3.81,0.0,0.0
2026/06/20 07:30:00,,3.97,0.0,0.0
2026/06/20 07:45:00,,3.97,0.0,0.0
2026/06/20 08:00:00,,3.81,0.0,0.0
2026/06/20 08:15:00,,0.0,0.0,0.0
2026/06/20 08:30:00,,0.0,0.0,0.0
2026/06/20 08:45:00,,0.0,0.0,0.0
2026/06/20 09:00:00,,0.0,0.0,0.0
2026/06/20 09:15:00,,0.0,0.0,0.0
2026/06/20 09:30:00,,113.06,690.76,0.0
2026/06/20 09:45:00,,113.06,865.23,0.0
2026/06/20 10:00:00,,207.08,863.08,727.18
2026/06/20 10:15:00,,206.75,849.83,834.77
2026/06/20 10:30:00,,207.08,682.48,705.49
2026/06/20 10:45:00,,206.91,574.23,564.13
2026/06/20 11:00:00,,207.24,560.65,553.53
2026/06/20 11:15:00,,206.58,547.24,553.2
2026/06/20 11:30:00,,207.24,546.42,551.38
2026/06/20 11:45:00,,206.75,547.08,537.48
2026/06/20 12:00:00,,207.08,546.75,548.24
2026/06/20 12:15:00,,207.24,548.4,550.06
2026/06/20 12:30:00,,206.75,550.22,549.56
2026/06/20 12:45:00,,206.58,550.39,546.58
2026/06/20 13:00:00,,206.75,551.71,559.49
2026/06/20 13:15:00,,207.08,550.72,567.6
2026/06/20 13:30:00,,206.91,552.71,573.56
2026/06/20 13:45:00,,207.08,551.55,573.73
2026/06/20 14:00:00,,207.24,552.38,569.42
2026/06/20 14:15:00,,207.24,550.39,564.79
2026/06/20 14:30:00,,207.41,549.56,566.78
2026/06/20 14:45:00,,207.08,551.88,561.31
2026/06/20 15:00:00,,207.24,552.38,563.8
2026/06/20 15:15:00,,207.08,550.06,551.38
2026/06/20 15:30:00,,207.08,550.89,552.71
2026/06/20 15:45:00,,206.91,548.4,559.0
2026/06/20 16:00:00,,207.08,549.89,560.82
2026/06/20 16:15:00,,206.91,548.9,556.02
2026/06/20 16:30:00,,207.41,550.55,555.85
2026/06/20 16:45:00,,206.75,548.4,559.66
2026/06/20 17:00:00,,206.91,548.4,554.53
2026/06/20 17:15:00,,207.08,551.05,550.39
2026/06/20 17:30:00,,206.75,551.55,557.01
2026/06/20 17:45:00,,207.08,551.71,560.82
2026/06/20 18:00:00,,206.91,553.2,568.93
2026/06/20 18:15:00,,206.58,552.71,572.24
2026/06/20 18:30:00,,206.91,554.86,574.23
2026/06/20 18:45:00,,206.91,559.66,584.16
2026/06/20 19:00:00,,207.08,562.14,580.02
2026/06/20 19:15:00,,207.41,561.15,586.14
2026/06/20 19:30:00,,207.24,522.08,535.66
2026/06/20 19:45:00,,207.08,532.35,549.4
2026/06/20 20:00:00,,207.24,550.06,570.75
2026/06/20 20:15:00,,207.08,552.87,574.89
2026/06/20 20:30:00,,207.24,550.06,567.11
2026/06/20 20:45:00,,207.74,547.74,555.36
2026/06/20 21:00:00,,105.28,0.0,589.95
2026/06/20 21:15:00,,105.11,0.0,815.07
2026/06/20 21:30:00,,105.44,0.0,0.0
2026/06/20 21:45:00,,105.11,0.0,0.0
2026/06/20 22:00:00,,0.0,0.0,0.0
2026/06/20 22:15:00,,3.97,0.0,0.0
2026/06/20 22:30:00,,3.81,0.0,0.0
2026/06/20 22:45:00,,3.64,0.0,0.0
2026/06/20 23:00:00,,0.0,0.0,0.0
2026/06/20 23:15:00,,0.0,0.0,0.0
2026/06/20 23:30:00,,0.0,0.0,0.0
2026/06/20 23:45:00,,0.0,0.0,0.0
2026/06/21 00:00:00,0.0,0.0,,0.0
2026/06/21 00:15:00,0.0,0.0,,0.0
2026/06/21 00:30:00,0.0,0.0,,0.0
2026/06/21 00:45:00,0.0,0.0,,0.0
2026/06/21 01:00:00,0.0,0.0,,0.0
2026/06/21 01:15:00,0.0,0.0,,0.0
2026/06/21 01:30:00,0.0,0.0,,0.0
2026/06/21 01:45:00,0.0,0.0,,0.0
2026/06/21 02:00:00,0.0,0.0,,0.0
2026/06/21 02:15:00,0.0,0.0,,0.0
2026/06/21 02:30:00,0.0,0.0,,0.0
2026/06/21 02:45:00,0.0,0.0,,0.0
2026/06/21 03:00:00,0.0,0.0,,3.81
2026/06/21 03:15:00,0.0,0.0,,3.81
2026/06/21 03:30:00,0.0,0.0,,3.97
2026/06/21 03:45:00,0.0,0.0,,3.81
2026/06/21 04:00:00,0.0,0.0,,3.97
2026/06/21 04:15:00,0.0,0.0,,3.97
2026/06/21 04:30:00,0.0,0.0,,3.81
2026/06/21 04:45:00,0.0,0.0,,3.81
2026/06/21 05:00:00,0.0,0.0,,3.81
2026/06/21 05:15:00,0.0,0.0,,3.81
2026/06/21 05:30:00,0.0,0.0,,3.81
2026/06/21 05:45:00,0.0,0.0,,0.0
2026/06/21 06:00:00,0.0,0.0,,0.0
2026/06/21 06:15:00,0.0,0.0,,0.0
2026/06/21 06:30:00,0.0,0.0,,3.97
2026/06/21 06:45:00,0.0,0.0,,3.64
2026/06/21 07:00:00,0.0,0.0,,0.0
2026/06/21 07:15:00,0.0,0.0,,0.0
2026/06/21 07:30:00,0.0,0.0,,0.0
2026/06/21 07:45:00,0.0,0.0,,0.0
2026/06/21 08:00:00,0.0,0.0,,0.0
2026/06/21 08:15:00,0.0,0.0,,0.0
2026/06/21 08:30:00,0.0,0.0,,0.0
2026/06/21 08:45:00,0.0,0.0,,0.0
2026/06/21 09:00:00,0.0,0.0,,0.0
2026/06/21 09:15:00,847.35,0.0,,123.82
2026/06/21 09:30:00,860.26,0.0,,123.82
2026/06/21 09:45:00,862.08,0.0,,123.65
2026/06/21 10:00:00,859.93,0.0,,320.3
2026/06/21 10:15:00,863.41,0.0,,535.16
2026/06/21 10:30:00,858.94,0.0,,538.64
2026/06/21 10:45:00,862.75,0.0,,539.13
2026/06/21 11:00:00,856.62,0.0,,538.8
2026/06/21 11:15:00,853.64,0.0,,540.95
2026/06/21 11:30:00,848.84,0.0,,531.35
2026/06/21 11:45:00,850.17,0.0,,524.57
2026/06/21 12:00:00,828.65,0.0,,514.3
2026/06/21 12:15:00,800.84,0.0,,513.97
2026/06/21 12:30:00,786.44,0.0,,505.2
2026/06/21 12:45:00,785.94,0.0,,503.54
2026/06/21 13:00:00,787.43,0.0,,513.14
2026/06/21 13:15:00,787.76,0.0,,508.18
2026/06/21 13:30:00,788.92,0.0,,512.65
2026/06/21 13:45:00,790.41,0.0,,516.12
2026/06/21 14:00:00,792.4,0.0,,516.29
2026/06/21 14:15:00,790.08,0.0,,507.52
2026/06/21 14:30:00,791.57,0.0,,511.16
2026/06/21 14:45:00,786.93,0.0,,516.46
2026/06/21 15:00:00,786.93,0.0,,506.36
2026/06/21 15:15:00,787.93,0.0,,513.14
2026/06/21 15:30:00,788.26,0.0,,505.86
2026/06/21 15:45:00,785.94,0.0,,505.86
2026/06/21 16:00:00,790.91,0.0,,514.8
2026/06/21 16:15:00,788.59,0.0,,506.03
2026/06/21 16:30:00,789.08,0.0,,514.47
2026/06/21 16:45:00,866.55,0.0,,566.45
2026/06/21 17:00:00,872.51,0.0,,565.12
2026/06/21 17:15:00,872.68,0.0,,572.57
2026/06/21 17:30:00,874.17,0.0,,586.14
2026/06/21 17:45:00,879.46,0.0,,597.07
2026/06/21 18:00:00,882.61,0.0,,603.52
2026/06/21 18:15:00,878.97,0.0,,596.57
2026/06/21 18:30:00,882.28,0.0,,607.17
2026/06/21 18:45:00,884.43,0.0,,597.07
2026/06/21 19:00:00,886.09,0.0,,599.72
2026/06/21 19:15:00,887.41,0.0,,606.01
2026/06/21 19:30:00,887.58,0.0,,612.13
2026/06/21 19:45:00,886.25,0.0,,606.67
2026/06/21 20:00:00,883.93,0.0,,609.81
2026/06/21 20:15:00,887.08,0.0,,607.17
2026/06/21 20:30:00,884.1,0.0,,601.87
2026/06/21 20:45:00,880.46,0.0,,603.86
2026/06/21 21:00:00,880.46,0.0,,586.81
2026/06/21 21:15:00,876.98,0.0,,198.14
2026/06/21 21:30:00,860.43,0.0,,197.81
2026/06/21 21:45:00,0.0,0.0,,105.11
2026/06/21 22:00:00,0.0,0.0,,105.11
2026/06/21 22:15:00,0.0,0.0,,0.0
2026/06/21 22:30:00,0.0,0.0,,0.0
2026/06/21 22:45:00,0.0,0.0,,0.0
2026/06/21 23:00:00,0.0,0.0,,0.0
2026/06/21 23:15:00,0.0,0.0,,0.0
2026/06/21 23:30:00,0.0,0.0,,0.0
2026/06/21 23:45:00,0.0,0.0,,0.0
2026/06/22 00:00:00,,0.0,0.0,0.0
2026/06/22 00:15:00,,0.0,0.0,0.0
2026/06/22 00:30:00,,0.0,0.0,0.0
2026/06/22 00:45:00,,0.0,0.0,0.0
2026/06/22 01:00:00,,0.0,0.0,0.0
2026/06/22 01:15:00,,0.0,0.0,0.0
2026/06/22 01:30:00,,0.0,0.0,0.0
2026/06/22 01:45:00,,3.97,0.0,0.0
2026/06/22 02:00:00,,3.81,0.0,0.0
2026/06/22 02:15:00,,3.81,0.0,0.0
2026/06/22 02:30:00,,3.81,0.0,0.0
2026/06/22 02:45:00,,3.81,0.0,0.0
2026/06/22 03:00:00,,3.81,0.0,0.0
2026/06/22 03:15:00,,3.81,0.0,0.0
2026/06/22 03:30:00,,3.97,0.0,0.0
2026/06/22 03:45:00,,3.97,0.0,0.0
2026/06/22 04:00:00,,3.81,0.0,0.0
2026/06/22 04:15:00,,3.97,0.0,0.0
2026/06/22 04:30:00,,3.97,0.0,0.0
2026/06/22 04:45:00,,3.81,0.0,0.0
2026/06/22 05:00:00,,3.97,0.0,0.0
2026/06/22 05:15:00,,3.97,0.0,0.0
2026/06/22 05:30:00,,3.81,0.0,0.0
2026/06/22 05:45:00,,0.0,0.0,0.0
2026/06/22 06:00:00,,0.0,0.0,0.0
2026/06/22 06:15:00,,3.97,0.0,0.0
2026/06/22 06:30:00,,3.97,0.0,0.0
2026/06/22 06:45:00,,0.0,0.0,0.0
2026/06/22 07:00:00,,0.0,0.0,0.0
2026/06/22 07:15:00,,0.0,0.0,0.0
2026/06/22 07:30:00,,0.0,0.0,0.0
2026/06/22 07:45:00,,0.0,0.0,0.0
2026/06/22 08:00:00,,0.0,0.0,0.0
2026/06/22 08:15:00,,0.0,0.0,0.0
2026/06/22 08:30:00,,0.0,0.0,0.0
2026/06/22 08:45:00,,0.0,0.0,0.0
2026/06/22 09:00:00,,0.0,0.0,0.0
2026/06/22 09:15:00,,113.39,636.13,0.0
2026/06/22 09:30:00,,112.89,857.61,0.0
2026/06/22 09:45:00,,112.73,856.12,0.0
2026/06/22 10:00:00,,527.05,853.97,0.0
2026/06/22 10:15:00,,524.57,853.48,0.0
2026/06/22 10:30:00,,523.74,857.78,0.0
2026/06/22 10:45:00,,525.06,849.5,0.0
2026/06/22 11:00:00,,503.71,775.01,0.0
2026/06/22 11:15:00,,556.18,856.95,0.0
2026/06/22 11:30:00,,543.27,857.78,0.0
2026/06/22 11:45:00,,531.02,857.95,0.0
2026/06/22 12:00:00,,540.62,855.46,0.0
2026/06/22 12:15:00,,527.38,854.97,0.0
2026/06/22 12:30:00,,528.87,857.95,0.0
2026/06/22 12:45:00,,541.62,857.95,0.0
2026/06/22 13:00:00,,529.37,856.12,0.0
2026/06/22 13:15:00,,532.51,856.29,0.0
2026/06/22 13:30:00,,531.19,851.99,0.0
2026/06/22 13:45:00,,522.41,853.31,0.0
2026/06/22 14:00:00,,520.26,851.66,0.0
2026/06/22 14:15:00,,510.5,849.01,0.0
2026/06/22 14:30:00,,510.99,833.61,0.0
2026/06/22 14:45:00,,503.54,818.38,0.0
2026/06/22 15:00:00,,495.6,791.57,0.0
2026/06/22 15:15:00,,487.65,784.12,0.0
2026/06/22 15:30:00,,486.33,776.5,0.0
2026/06/22 15:45:00,,486.49,768.56,0.0
2026/06/22 16:00:00,,404.89,564.62,0.0
2026/06/22 16:15:00,,430.71,571.91,0.0
2026/06/22 16:30:00,,439.98,587.63,0.0
2026/06/22 16:45:00,,448.92,610.64,0.0
2026/06/22 17:00:00,,450.74,610.81,0.0
2026/06/22 17:15:00,,445.28,610.97,0.0
2026/06/22 17:30:00,,447.59,614.62,0.0
2026/06/22 17:45:00,,444.12,614.12,0.0
2026/06/22 18:00:00,,450.41,614.12,0.0
2026/06/22 18:15:00,,446.11,613.95,0.0
2026/06/22 18:30:00,,459.68,619.42,0.0
2026/06/22 18:45:00,,462.16,630.34,0.0
2026/06/22 19:00:00,,457.03,631.17,0.0
2026/06/22 19:15:00,,461.0,631.33,0.0
2026/06/22 19:30:00,,460.01,634.31,0.0
2026/06/22 19:45:00,,459.84,637.96,0.0
2026/06/22 20:00:00,,459.68,637.62,0.0
2026/06/22 20:15:00,,459.18,636.3,0.0
2026/06/22 20:30:00,,465.31,623.72,0.0
2026/06/22 20:45:00,,461.17,637.96,0.0
2026/06/22 21:00:00,,113.06,642.09,0.0
2026/06/22 21:15:00,,113.39,691.92,0.0
2026/06/22 21:30:00,,113.22,691.92,0.0
2026/06/22 21:45:00,,113.72,611.14,0.0
2026/06/22 22:00:00,,113.55,0.0,0.0
2026/06/22 22:15:00,,0.0,0.0,0.0
2026/06/22 22:30:00,,0.0,0.0,0.0
2026/06/22 22:45:00,,0.0,0.0,0.0
2026/06/22 23:00:00,,0.0,0.0,0.0
2026/06/22 23:15:00,,0.0,0.0,0.0
2026/06/22 23:30:00,,3.97,0.0,0.0
2026/06/22 23:45:00,,0.0,0.0,0.0
2026/06/23 00:00:00,0.0,0.0,,0.0
2026/06/23 00:15:00,0.0,0.0,,0.0
2026/06/23 00:30:00,0.0,0.0,,0.0
2026/06/23 00:45:00,0.0,0.0,,3.81
2026/06/23 01:00:00,0.0,0.0,,0.0
2026/06/23 01:15:00,0.0,0.0,,0.0
2026/06/23 01:30:00,0.0,0.0,,0.0
2026/06/23 01:45:00,0.0,0.0,,3.97
2026/06/23 02:00:00,0.0,0.0,,4.14
2026/06/23 02:15:00,0.0,0.0,,3.97
2026/06/23 02:30:00,0.0,0.0,,3.97
2026/06/23 02:45:00,0.0,0.0,,3.81
2026/06/23 03:00:00,0.0,0.0,,3.97
2026/06/23 03:15:00,0.0,0.0,,3.81
2026/06/23 03:30:00,0.0,0.0,,3.97
2026/06/23 03:45:00,0.0,0.0,,3.97
2026/06/23 04:00:00,0.0,0.0,,3.97
2026/06/23 04:15:00,0.0,0.0,,3.81
2026/06/23 04:30:00,0.0,0.0,,3.97
2026/06/23 04:45:00,0.0,0.0,,3.81
2026/06/23 05:00:00,0.0,0.0,,3.81
2026/06/23 05:15:00,0.0,0.0,,3.81
2026/06/23 05:30:00,0.0,0.0,,3.97
2026/06/23 05:45:00,0.0,0.0,,3.97
2026/06/23 06:00:00,0.0,0.0,,3.81
2026/06/23 06:15:00,0.0,0.0,,3.81
2026/06/23 06:30:00,0.0,0.0,,3.97
2026/06/23 06:45:00,0.0,0.0,,4.14
2026/06/23 07:00:00,0.0,0.0,,0.0
2026/06/23 07:15:00,0.0,0.0,,0.0
2026/06/23 07:30:00,0.0,0.0,,0.0
2026/06/23 07:45:00,0.0,0.0,,0.0
2026/06/23 08:00:00,0.0,0.0,,0.0
2026/06/23 08:15:00,0.0,0.0,,0.0
2026/06/23 08:30:00,0.0,0.0,,0.0
2026/06/23 08:45:00,0.0,0.0,,0.0
2026/06/23 09:00:00,0.0,0.0,,0.0
2026/06/23 09:15:00,0.0,0.0,,0.0
2026/06/23 09:30:00,0.0,837.58,,105.11
2026/06/23 09:45:00,0.0,843.88,,105.28
2026/06/23 10:00:00,0.0,850.5,,162.55
2026/06/23 10:15:00,0.0,835.27,,485.17
2026/06/23 10:30:00,0.0,834.94,,525.06
2026/06/23 10:45:00,0.0,786.93,,528.7
2026/06/23 11:00:00,0.0,714.43,,490.3
2026/06/23 11:15:00,0.0,673.38,,161.89
2026/06/23 11:30:00,0.0,831.96,,165.7
2026/06/23 11:45:00,0.0,838.25,,165.86
2026/06/23 12:00:00,0.0,837.58,,165.86
2026/06/23 12:15:00,0.0,842.88,,165.53
2026/06/23 12:30:00,0.0,840.56,,165.7
2026/06/23 12:45:00,0.0,839.57,,165.7
2026/06/23 13:00:00,0.0,837.92,,165.53
2026/06/23 13:15:00,0.0,839.41,,165.7
2026/06/23 13:30:00,0.0,839.57,,165.7
2026/06/23 13:45:00,0.0,841.72,,165.53
2026/06/23 14:00:00,0.0,839.24,,165.53
2026/06/23 14:15:00,0.0,841.72,,165.7
2026/06/23 14:30:00,0.0,837.09,,425.25
2026/06/23 14:45:00,0.0,835.93,,498.74
2026/06/23 15:00:00,0.0,831.63,,485.34
2026/06/23 15:15:00,0.0,817.22,,471.76
2026/06/23 15:30:00,0.0,766.24,,458.19
2026/06/23 15:45:00,0.0,728.83,,455.37
2026/06/23 16:00:00,0.0,721.71,,465.64
2026/06/23 16:15:00,0.0,740.58,,463.82
2026/06/23 16:30:00,0.0,740.09,,458.19
2026/06/23 16:45:00,0.0,741.25,,459.18
2026/06/23 17:00:00,0.0,743.89,,462.16
2026/06/23 17:15:00,0.0,745.38,,472.92
2026/06/23 17:30:00,0.0,757.14,,464.81
2026/06/23 17:45:00,0.0,753.83,,463.82
2026/06/23 18:00:00,0.0,753.16,,463.49
2026/06/23 18:15:00,0.0,743.4,,459.68
2026/06/23 18:30:00,0.0,745.22,,451.73
2026/06/23 18:45:00,0.0,740.25,,462.66
2026/06/23 19:00:00,0.0,743.07,,463.15
2026/06/23 19:15:00,0.0,739.26,,463.15
2026/06/23 19:30:00,0.0,749.52,,461.17
2026/06/23 19:45:00,0.0,748.53,,462.16
2026/06/23 20:00:00,0.0,748.2,,456.04
2026/06/23 20:15:00,0.0,746.71,,465.31
2026/06/23 20:30:00,0.0,738.93,,455.37
2026/06/23 20:45:00,0.0,761.44,,165.53
2026/06/23 21:00:00,0.0,798.85,,165.86
2026/06/23 21:15:00,0.0,806.63,,166.03
2026/06/23 21:30:00,0.0,0.0,,88.06
2026/06/23 21:45:00,0.0,0.0,,87.57
2026/06/23 22:00:00,0.0,0.0,,0.0
2026/06/23 22:15:00,0.0,0.0,,0.0
2026/06/23 22:30:00,0.0,0.0,,3.97
2026/06/23 22:45:00,0.0,0.0,,3.97
2026/06/23 23:00:00,0.0,0.0,,0.0
2026/06/23 23:15:00,0.0,0.0,,0.0
2026/06/23 23:30:00,0.0,0.0,,0.0
2026/06/23 23:45:00,0.0,0.0,,0.0
2026/06/26 00:00:00,0.0,0.0,,124.48
2026/06/26 00:15:00,0.0,0.0,,124.48
2026/06/26 00:30:00,0.0,0.0,,124.15
2026/06/26 00:45:00,0.0,0.0,,124.15
2026/06/26 01:00:00,0.0,0.0,,124.31
2026/06/26 01:15:00,0.0,0.0,,124.64
2026/06/26 01:30:00,0.0,0.0,,124.31
2026/06/26 01:45:00,0.0,0.0,,124.31
2026/06/26 02:00:00,0.0,0.0,,124.64
2026/06/26 02:15:00,0.0,0.0,,124.31
2026/06/26 02:30:00,0.0,0.0,,123.82
2026/06/26 02:45:00,0.0,0.0,,123.82
2026/06/26 03:00:00,0.0,0.0,,123.82
2026/06/26 03:15:00,0.0,0.0,,123.98
2026/06/26 03:30:00,0.0,0.0,,123.98
2026/06/26 03:45:00,0.0,0.0,,123.98
2026/06/26 04:00:00,0.0,0.0,,124.15
2026/06/26 04:15:00,0.0,0.0,,123.98
2026/06/26 04:30:00,0.0,0.0,,124.31
2026/06/26 04:45:00,0.0,0.0,,123.98
2026/06/26 05:00:00,0.0,0.0,,124.15
2026/06/26 05:15:00,0.0,0.0,,123.98
2026/06/26 05:30:00,0.0,0.0,,123.98
2026/06/26 05:45:00,0.0,0.0,,123.98
2026/06/26 06:00:00,0.0,0.0,,124.15
2026/06/26 06:15:00,0.0,0.0,,123.82
2026/06/26 06:30:00,0.0,0.0,,123.49
2026/06/26 06:45:00,0.0,0.0,,123.65
2026/06/26 07:00:00,0.0,0.0,,123.32
2026/06/26 07:15:00,0.0,0.0,,123.82
2026/06/26 07:30:00,0.0,0.0,,123.65
2026/06/26 07:45:00,0.0,0.0,,123.65
2026/06/26 08:00:00,0.0,0.0,,123.49
2026/06/26 08:15:00,0.0,0.0,,123.49
2026/06/26 08:30:00,0.0,0.0,,123.65
2026/06/26 08:45:00,0.0,0.0,,123.65
2026/06/26 09:00:00,0.0,0.0,,123.32
2026/06/26 09:15:00,851.66,0.0,,86.9
2026/06/26 09:30:00,857.28,0.0,,87.07
2026/06/26 09:45:00,850.99,0.0,,493.94
2026/06/26 10:00:00,849.01,0.0,,495.43
2026/06/26 10:15:00,855.3,0.0,,567.27
2026/06/26 10:30:00,852.15,0.0,,562.97
2026/06/26 10:45:00,853.31,0.0,,549.89
2026/06/26 11:00:00,849.17,0.0,,529.04
2026/06/26 11:15:00,841.23,0.0,,517.95
2026/06/26 11:30:00,837.75,0.0,,497.92
2026/06/26 11:45:00,830.96,0.0,,486.33
2026/06/26 12:00:00,821.53,0.0,,469.11
2026/06/26 12:15:00,791.07,0.0,,463.49
2026/06/26 12:30:00,780.31,0.0,,458.85
2026/06/26 12:45:00,779.65,0.0,,464.48
2026/06/26 13:00:00,778.99,0.0,,464.64
2026/06/26 13:15:00,777.33,0.0,,473.91
2026/06/26 13:30:00,775.18,0.0,,465.97
2026/06/26 13:45:00,777.17,0.0,,458.85
2026/06/26 14:00:00,765.41,0.0,,456.53
2026/06/26 14:15:00,741.58,0.0,,459.02
2026/06/26 14:30:00,737.11,0.0,,446.44
2026/06/26 14:45:00,731.65,0.0,,452.4
2026/06/26 15:00:00,721.38,0.0,,444.12
2026/06/26 15:15:00,715.75,0.0,,434.85
2026/06/26 15:30:00,715.09,0.0,,446.6
2026/06/26 15:45:00,711.12,0.0,,444.78
2026/06/26 16:00:00,710.13,0.0,,440.15
2026/06/26 16:15:00,712.61,0.0,,438.82
2026/06/26 16:30:00,712.44,0.0,,441.14
2026/06/26 16:45:00,713.44,0.0,,448.26
2026/06/26 17:00:00,713.11,0.0,,449.08
2026/06/26 17:15:00,709.96,0.0,,448.92
2026/06/26 17:30:00,714.26,0.0,,447.1
2026/06/26 17:45:00,714.43,0.0,,457.53
2026/06/26 18:00:00,717.74,0.0,,470.6
2026/06/26 18:15:00,721.55,0.0,,471.1
2026/06/26 18:30:00,732.31,0.0,,471.43
2026/06/26 18:45:00,755.48,0.0,,474.91
2026/06/26 19:00:00,758.96,0.0,,473.42
2026/06/26 19:15:00,751.01,0.0,,475.07
2026/06/26 19:30:00,757.47,0.0,,479.38
2026/06/26 19:45:00,758.96,0.0,,472.42
2026/06/26 20:00:00,757.63,0.0,,479.05
2026/06/26 20:15:00,759.79,0.0,,478.05
2026/06/26 20:30:00,762.77,0.0,,201.29
2026/06/26 20:45:00,824.18,0.0,,165.53
2026/06/26 21:00:00,837.75,0.0,,165.37
2026/06/26 21:15:00,796.2,0.0,,165.7
2026/06/26 21:30:00,0.0,0.0,,105.44
2026/06/26 21:45:00,0.0,0.0,,0.0
2026/06/26 22:00:00,0.0,0.0,,3.81
2026/06/26 22:15:00,0.0,0.0,,3.97
2026/06/26 22:30:00,0.0,0.0,,3.81
2026/06/26 22:45:00,0.0,0.0,,3.81
2026/06/26 23:00:00,0.0,0.0,,3.97
2026/06/26 23:15:00,0.0,0.0,,4.14
2026/06/26 23:30:00,0.0,0.0,,3.97
2026/06/26 23:45:00,0.0,0.0,,3.97
2026/06/27 00:00:00,3.97,0.0,0.0,
2026/06/27 00:15:00,3.97,0.0,0.0,
2026/06/27 00:30:00,3.81,0.0,0.0,
2026/06/27 00:45:00,3.97,0.0,0.0,
2026/06/27 01:00:00,3.97,0.0,0.0,
2026/06/27 01:15:00,3.97,0.0,0.0,
2026/06/27 01:30:00,4.14,0.0,0.0,
2026/06/27 01:45:00,0.0,0.0,0.0,
2026/06/27 02:00:00,3.81,0.0,0.0,
2026/06/27 02:15:00,4.14,0.0,0.0,
2026/06/27 02:30:00,3.97,0.0,0.0,
2026/06/27 02:45:00,3.97,0.0,0.0,
2026/06/27 03:00:00,3.81,0.0,0.0,
2026/06/27 03:15:00,3.97,0.0,0.0,
2026/06/27 03:30:00,3.81,0.0,0.0,
2026/06/27 03:45:00,3.97,0.0,0.0,
2026/06/27 04:00:00,3.81,0.0,0.0,
2026/06/27 04:15:00,3.81,0.0,0.0,
2026/06/27 04:30:00,3.97,0.0,0.0,
2026/06/27 04:45:00,3.97,0.0,0.0,
2026/06/27 05:00:00,3.97,0.0,0.0,
2026/06/27 05:15:00,3.97,0.0,0.0,
2026/06/27 05:30:00,3.97,0.0,0.0,
2026/06/27 05:45:00,3.97,0.0,0.0,
2026/06/27 06:00:00,4.14,0.0,0.0,
2026/06/27 06:15:00,3.81,0.0,0.0,
2026/06/27 06:30:00,3.81,0.0,0.0,
2026/06/27 06:45:00,0.0,0.0,0.0,
2026/06/27 07:00:00,0.0,0.0,0.0,
2026/06/27 07:15:00,0.0,0.0,0.0,
2026/06/27 07:30:00,0.0,0.0,0.0,
2026/06/27 07:45:00,0.0,0.0,0.0,
2026/06/27 08:00:00,0.0,0.0,0.0,
2026/06/27 08:15:00,0.0,0.0,0.0,
2026/06/27 08:30:00,0.0,0.0,0.0,
2026/06/27 08:45:00,0.0,0.0,0.0,
2026/06/27 09:00:00,0.0,0.0,0.0,
2026/06/27 09:15:00,0.0,0.0,0.0,
2026/06/27 09:30:00,123.98,0.0,840.07,
2026/06/27 09:45:00,200.29,0.0,847.85,
2026/06/27 10:00:00,200.62,860.76,848.34,
2026/06/27 10:15:00,200.46,840.73,827.49,
2026/06/27 10:30:00,200.13,610.64,611.47,
2026/06/27 10:45:00,200.29,546.42,543.77,
2026/06/27 11:00:00,200.13,532.51,532.02,
2026/06/27 11:15:00,200.29,522.25,510.5,
2026/06/27 11:30:00,200.62,523.57,509.83,
2026/06/27 11:45:00,200.46,521.59,511.49,
2026/06/27 12:00:00,200.29,521.09,512.65,
2026/06/27 12:15:00,200.29,524.4,517.61,
2026/06/27 12:30:00,199.96,523.24,520.76,
2026/06/27 12:45:00,200.46,526.39,523.74,
2026/06/27 13:00:00,200.13,525.23,524.57,
2026/06/27 13:15:00,200.46,525.39,528.21,
2026/06/27 13:30:00,200.29,524.73,535.99,
2026/06/27 13:45:00,200.29,525.89,534.0,
2026/06/27 14:00:00,409.19,716.75,0.0,
2026/06/27 14:15:00,547.58,852.65,0.0,
2026/06/27 14:30:00,536.82,847.52,0.0,
2026/06/27 14:45:00,528.7,841.89,0.0,
2026/06/27 15:00:00,519.6,842.39,0.0,
2026/06/27 15:15:00,519.77,836.76,0.0,
2026/06/27 15:30:00,503.71,837.42,0.0,
2026/06/27 15:45:00,507.19,831.96,0.0,
2026/06/27 16:00:00,508.34,828.48,0.0,
2026/06/27 16:15:00,498.25,822.69,0.0,
2026/06/27 16:30:00,499.07,822.03,0.0,
2026/06/27 16:45:00,504.04,818.55,0.0,
2026/06/27 17:00:00,499.41,821.36,0.0,
2026/06/27 17:15:00,511.16,819.05,0.0,
2026/06/27 17:30:00,502.72,824.84,0.0,
2026/06/27 17:45:00,514.97,823.02,0.0,
2026/06/27 18:00:00,519.27,825.83,0.0,
2026/06/27 18:15:00,516.95,824.51,0.0,
2026/06/27 18:30:00,512.65,826.83,0.0,
2026/06/27 18:45:00,513.81,825.34,0.0,
2026/06/27 19:00:00,507.68,825.0,0.0,
2026/06/27 19:15:00,508.01,821.69,0.0,
2026/06/27 19:30:00,504.54,824.84,0.0,
2026/06/27 19:45:00,507.52,820.2,0.0,
2026/06/27 20:00:00,511.32,823.68,0.0,
2026/06/27 20:15:00,503.88,823.51,0.0,
2026/06/27 20:30:00,508.51,820.04,0.0,
2026/06/27 20:45:00,499.24,818.71,0.0,
2026/06/27 21:00:00,498.74,802.66,0.0,
2026/06/27 21:15:00,182.75,803.15,0.0,
2026/06/27 21:30:00,182.91,0.0,0.0,
2026/06/27 21:45:00,124.15,0.0,0.0,
2026/06/27 22:00:00,3.97,0.0,0.0,
2026/06/27 22:15:00,3.97,0.0,0.0,
2026/06/27 22:30:00,3.81,0.0,0.0,
2026/06/27 22:45:00,0.0,0.0,0.0,
2026/06/27 23:00:00,3.81,0.0,0.0,
2026/06/27 23:15:00,3.97,0.0,0.0,
2026/06/27 23:30:00,3.97,0.0,0.0,
2026/06/27 23:45:00,3.81,0.0,0.0,
2026/06/28 00:00:00,0.0,0.0,,3.97
2026/06/28 00:15:00,0.0,0.0,,0.0
2026/06/28 00:30:00,0.0,0.0,,3.97
2026/06/28 00:45:00,0.0,0.0,,3.81
2026/06/28 01:00:00,0.0,0.0,,3.97
2026/06/28 01:15:00,0.0,0.0,,3.97
2026/06/28 01:30:00,0.0,0.0,,3.97
2026/06/28 01:45:00,0.0,0.0,,4.14
2026/06/28 02:00:00,0.0,0.0,,4.14
2026/06/28 02:15:00,0.0,0.0,,3.97
2026/06/28 02:30:00,0.0,0.0,,4.14
2026/06/28 02:45:00,0.0,0.0,,3.97
2026/06/28 03:00:00,0.0,0.0,,3.97
2026/06/28 03:15:00,0.0,0.0,,3.81
2026/06/28 03:30:00,0.0,0.0,,0.0
2026/06/28 03:45:00,0.0,0.0,,0.0
2026/06/28 04:00:00,0.0,0.0,,3.81
2026/06/28 04:15:00,0.0,0.0,,3.97
2026/06/28 04:30:00,0.0,0.0,,3.81
2026/06/28 04:45:00,0.0,0.0,,3.97
2026/06/28 05:00:00,0.0,0.0,,0.0
2026/06/28 05:15:00,0.0,0.0,,0.0
2026/06/28 05:30:00,0.0,0.0,,0.0
2026/06/28 05:45:00,0.0,0.0,,0.0
2026/06/28 06:00:00,0.0,0.0,,0.0
2026/06/28 06:15:00,0.0,0.0,,0.0
2026/06/28 06:30:00,0.0,0.0,,3.81
2026/06/28 06:45:00,0.0,0.0,,0.0
2026/06/28 07:00:00,0.0,0.0,,0.0
2026/06/28 07:15:00,0.0,0.0,,0.0
2026/06/28 07:30:00,0.0,0.0,,0.0
2026/06/28 07:45:00,0.0,0.0,,0.0
2026/06/28 08:00:00,0.0,0.0,,0.0
2026/06/28 08:15:00,0.0,0.0,,0.0
2026/06/28 08:30:00,0.0,0.0,,0.0
2026/06/28 08:45:00,0.0,0.0,,0.0
2026/06/28 09:00:00,0.0,0.0,,0.0
2026/06/28 09:15:00,0.0,0.0,,0.0
2026/06/28 09:30:00,0.0,395.12,,162.05
2026/06/28 09:45:00,443.13,851.99,,182.91
2026/06/28 10:00:00,851.49,850.66,,182.25
2026/06/28 10:15:00,834.94,821.86,,182.08
2026/06/28 10:30:00,627.69,634.64,,182.25
2026/06/28 10:45:00,564.46,0.0,,286.2
2026/06/28 11:00:00,746.21,0.0,,572.57
2026/06/28 11:15:00,849.83,0.0,,522.08
2026/06/28 11:30:00,854.97,0.0,,513.97
2026/06/28 11:45:00,850.33,0.0,,514.14
2026/06/28 12:00:00,850.17,0.0,,513.48
2026/06/28 12:15:00,854.47,0.0,,509.17
2026/06/28 12:30:00,853.48,0.0,,505.86
2026/06/28 12:45:00,856.62,0.0,,512.65
2026/06/28 13:00:00,856.79,0.0,,518.28
2026/06/28 13:15:00,854.63,0.0,,519.93
2026/06/28 13:30:00,855.79,0.0,,506.19
2026/06/28 13:45:00,858.44,0.0,,522.08
2026/06/28 14:00:00,860.1,0.0,,557.67
2026/06/28 14:15:00,858.44,0.0,,552.38
2026/06/28 14:30:00,859.43,0.0,,552.04
2026/06/28 14:45:00,854.97,0.0,,546.91
2026/06/28 15:00:00,856.12,0.0,,545.59
2026/06/28 15:15:00,849.17,0.0,,537.81
2026/06/28 15:30:00,852.15,0.0,,530.19
2026/06/28 15:45:00,845.86,0.0,,526.39
2026/06/28 16:00:00,848.51,0.0,,528.37
2026/06/28 16:15:00,845.03,0.0,,515.96
2026/06/28 16:30:00,843.21,0.0,,516.95
2026/06/28 16:45:00,840.73,0.0,,514.47
2026/06/28 17:00:00,844.04,0.0,,521.75
2026/06/28 17:15:00,841.06,1.49,,510.33
2026/06/28 17:30:00,838.25,0.0,,505.2
2026/06/28 17:45:00,838.74,0.0,,512.15
2026/06/28 18:00:00,842.88,0.0,,516.29
2026/06/28 18:15:00,840.4,0.0,,513.97
2026/06/28 18:30:00,843.21,0.0,,512.32
2026/06/28 18:45:00,841.89,0.0,,517.28
2026/06/28 19:00:00,842.88,0.0,,518.61
2026/06/28 19:15:00,847.85,0.0,,518.44
2026/06/28 19:30:00,848.68,0.0,,517.28
2026/06/28 19:45:00,848.68,0.0,,522.91
2026/06/28 20:00:00,850.0,0.0,,528.04
2026/06/28 20:15:00,847.02,0.0,,525.23
2026/06/28 20:30:00,850.17,0.0,,539.46
2026/06/28 20:45:00,848.18,0.0,,526.22
2026/06/28 21:00:00,843.21,0.0,,511.99
2026/06/28 21:15:00,839.57,0.0,,182.25
2026/06/28 21:30:00,841.56,0.0,,182.41
2026/06/28 21:45:00,697.88,0.0,,182.75
2026/06/28 22:00:00,575.22,0.0,,182.25
2026/06/28 22:15:00,0.0,0.0,,0.0
2026/06/28 22:30:00,0.0,0.0,,0.0
2026/06/28 22:45:00,0.0,0.0,,0.0
2026/06/28 23:00:00,0.0,0.0,,0.0
2026/06/28 23:15:00,0.0,0.0,,0.0
2026/06/28 23:30:00,0.0,0.0,,0.0
2026/06/28 23:45:00,0.0,0.0,,0.0
2026/07/01 00:00:00,0.0,0.0,,0.0
2026/07/01 00:15:00,0.0,0.0,,0.0
2026/07/01 00:30:00,0.0,0.0,,0.0
2026/07/01 00:45:00,0.0,0.0,,0.0
2026/07/01 01:00:00,0.0,0.0,,0.0
2026/07/01 01:15:00,0.0,0.0,,0.0
2026/07/01 01:30:00,0.0,0.0,,0.0
2026/07/01 01:45:00,0.0,0.0,,0.0
2026/07/01 02:00:00,0.0,0.0,,0.0
2026/07/01 02:15:00,0.0,0.0,,0.0
2026/07/01 02:30:00,0.0,0.0,,0.0
2026/07/01 02:45:00,0.0,0.0,,0.0
2026/07/01 03:00:00,0.0,0.0,,0.0
2026/07/01 03:15:00,0.0,0.0,,0.0
2026/07/01 03:30:00,0.0,0.0,,0.0
2026/07/01 03:45:00,0.0,0.0,,0.0
2026/07/01 04:00:00,0.0,0.0,,0.0
2026/07/01 04:15:00,0.0,0.0,,0.0
2026/07/01 04:30:00,0.0,0.0,,0.0
2026/07/01 04:45:00,0.0,0.0,,0.0
2026/07/01 05:00:00,0.0,0.0,,0.0
2026/07/01 05:15:00,0.0,0.0,,0.0
2026/07/01 05:30:00,0.0,0.0,,0.0
2026/07/01 05:45:00,0.0,0.0,,0.0
2026/07/01 06:00:00,0.0,0.0,,0.0
2026/07/01 06:15:00,0.0,0.0,,0.0
2026/07/01 06:30:00,0.0,0.0,,0.0
2026/07/01 06:45:00,0.0,0.0,,0.0
2026/07/01 07:00:00,0.0,0.0,,0.0
2026/07/01 07:15:00,0.0,0.0,,0.0
2026/07/01 07:30:00,0.0,0.0,,0.0
2026/07/01 07:45:00,0.0,0.0,,0.0
2026/07/01 08:00:00,0.0,0.0,,0.0
2026/07/01 08:15:00,0.0,0.0,,0.0
2026/07/01 08:30:00,0.0,0.0,,0.0
2026/07/01 08:45:00,0.0,0.0,,0.0
2026/07/01 09:00:00,0.0,0.0,,0.0
2026/07/01 09:15:00,858.44,0.0,,105.11
2026/07/01 09:30:00,847.52,0.0,,105.77
2026/07/01 09:45:00,853.64,0.0,,504.37
2026/07/01 10:00:00,856.29,0.0,,502.39
2026/07/01 10:15:00,861.75,0.0,,565.78
2026/07/01 10:30:00,853.14,0.0,,549.73
2026/07/01 10:45:00,852.48,0.0,,525.39
2026/07/01 11:00:00,850.66,0.0,,557.34
2026/07/01 11:15:00,849.17,0.0,,546.58
2026/07/01 11:30:00,847.52,0.0,,542.44
2026/07/01 11:45:00,845.2,0.0,,526.88
2026/07/01 12:00:00,846.03,0.0,,545.09
2026/07/01 12:15:00,843.88,0.0,,531.68
2026/07/01 12:30:00,848.18,0.0,,522.75
2026/07/01 12:45:00,845.03,0.0,,541.29
2026/07/01 13:00:00,846.36,0.0,,528.04
2026/07/01 13:15:00,849.34,0.0,,542.44
2026/07/01 13:30:00,847.35,0.0,,529.53
2026/07/01 13:45:00,852.48,0.0,,544.93
2026/07/01 14:00:00,856.95,0.0,,559.66
2026/07/01 14:15:00,857.61,0.0,,563.8
2026/07/01 14:30:00,858.61,0.0,,560.32
2026/07/01 14:45:00,856.62,0.0,,575.22
2026/07/01 15:00:00,858.11,0.0,,566.45
2026/07/01 15:15:00,859.1,0.0,,572.4
2026/07/01 15:30:00,854.63,0.0,,568.43
2026/07/01 15:45:00,856.95,0.0,,567.6
2026/07/01 16:00:00,856.46,0.0,,553.37
2026/07/01 16:15:00,854.47,0.0,,552.38
2026/07/01 16:30:00,853.97,0.0,,563.8
2026/07/01 16:45:00,853.81,0.0,,565.12
2026/07/01 17:00:00,861.09,0.0,,568.27
2026/07/01 17:15:00,856.95,0.0,,577.04
2026/07/01 17:30:00,862.58,0.0,,578.03
2026/07/01 17:45:00,863.74,0.0,,576.38
2026/07/01 18:00:00,861.09,0.0,,572.9
2026/07/01 18:15:00,856.62,0.0,,559.33
2026/07/01 18:30:00,856.29,0.0,,553.37
2026/07/01 18:45:00,852.98,0.0,,542.28
2026/07/01 19:00:00,854.14,0.0,,540.79
2026/07/01 19:15:00,856.12,0.0,,547.74
2026/07/01 19:30:00,856.62,0.0,,541.62
2026/07/01 19:45:00,853.64,0.0,,552.38
2026/07/01 20:00:00,855.3,0.0,,540.79
2026/07/01 20:15:00,857.12,0.0,,554.03
2026/07/01 20:30:00,853.64,0.0,,548.4
2026/07/01 20:45:00,852.65,0.0,,551.55
2026/07/01 21:00:00,856.12,0.0,,197.64
2026/07/01 21:15:00,862.41,0.0,,197.64
2026/07/01 21:30:00,0.0,0.0,,124.15
2026/07/01 21:45:00,0.0,0.0,,0.0
2026/07/01 22:00:00,0.0,0.0,,0.0
2026/07/01 22:15:00,0.0,0.0,,0.0
2026/07/01 22:30:00,0.0,0.0,,0.0
2026/07/01 22:45:00,0.0,0.0,,0.0
2026/07/01 23:00:00,0.0,0.0,,0.0
2026/07/01 23:15:00,0.0,0.0,,3.81
2026/07/01 23:30:00,0.0,0.0,,3.81
2026/07/01 23:45:00,0.0,0.0,,3.81
2026/07/02 00:00:00,0.0,0.0,,3.81
2026/07/02 00:15:00,0.0,0.0,,3.81
2026/07/02 00:30:00,0.0,0.0,,3.81
2026/07/02 00:45:00,0.0,0.0,,3.97
2026/07/02 01:00:00,0.0,0.0,,3.97
2026/07/02 01:15:00,0.0,0.0,,3.97
2026/07/02 01:30:00,0.0,0.0,,3.81
2026/07/02 01:45:00,0.0,0.0,,3.97
2026/07/02 02:00:00,0.0,0.0,,3.97
2026/07/02 02:15:00,0.0,0.0,,3.97
2026/07/02 02:30:00,0.0,0.0,,3.97
2026/07/02 02:45:00,0.0,0.0,,3.97
2026/07/02 03:00:00,0.0,0.0,,3.81
2026/07/02 03:15:00,0.0,0.0,,3.97
2026/07/02 03:30:00,0.0,0.0,,3.97
2026/07/02 03:45:00,0.0,0.0,,3.97
2026/07/02 04:00:00,0.0,0.0,,3.97
2026/07/02 04:15:00,0.0,0.0,,3.97
2026/07/02 04:30:00,0.0,0.0,,3.97
2026/07/02 04:45:00,0.0,0.0,,4.14
2026/07/02 05:00:00,0.0,0.0,,4.14
2026/07/02 05:15:00,0.0,0.0,,3.97
2026/07/02 05:30:00,0.0,0.0,,3.97
2026/07/02 05:45:00,0.0,0.0,,3.97
2026/07/02 06:00:00,0.0,0.0,,3.97
2026/07/02 06:15:00,0.0,0.0,,3.97
2026/07/02 06:30:00,0.0,0.0,,3.81
2026/07/02 06:45:00,0.0,0.0,,3.97
2026/07/02 07:00:00,0.0,0.0,,3.97
2026/07/02 07:15:00,0.0,0.0,,0.0
2026/07/02 07:30:00,0.0,0.0,,0.0
2026/07/02 07:45:00,0.0,0.0,,0.0
2026/07/02 08:00:00,0.0,0.0,,0.0
2026/07/02 08:15:00,0.0,0.0,,0.0
2026/07/02 08:30:00,0.0,0.0,,0.0
2026/07/02 08:45:00,0.0,0.0,,0.0
2026/07/02 09:00:00,0.0,0.0,,0.0
2026/07/02 09:15:00,656.0,0.0,,87.23
2026/07/02 09:30:00,856.62,0.0,,86.9
2026/07/02 09:45:00,859.1,0.0,,87.07
2026/07/02 10:00:00,877.81,0.0,,462.49
2026/07/02 10:15:00,865.06,0.0,,627.86
2026/07/02 10:30:00,855.96,0.0,,631.17
2026/07/02 10:45:00,852.15,0.0,,610.64
2026/07/02 11:00:00,856.29,0.0,,609.15
2026/07/02 11:15:00,853.14,0.0,,622.23
2026/07/02 11:30:00,853.81,0.0,,622.4
2026/07/02 11:45:00,854.47,0.0,,622.56
2026/07/02 12:00:00,851.99,0.0,,622.73
2026/07/02 12:15:00,851.32,0.0,,623.88
2026/07/02 12:30:00,848.51,0.0,,622.23
2026/07/02 12:45:00,856.29,0.0,,623.22
2026/07/02 13:00:00,854.63,0.0,,621.73
2026/07/02 13:15:00,853.48,0.0,,622.73
2026/07/02 13:30:00,847.85,0.0,,621.4
2026/07/02 13:45:00,852.48,0.0,,621.9
2026/07/02 14:00:00,855.3,0.0,,621.57
2026/07/02 14:15:00,853.14,0.0,,620.74
2026/07/02 14:30:00,856.46,0.0,,620.91
2026/07/02 14:45:00,859.27,0.0,,621.07
2026/07/02 15:00:00,861.59,0.0,,623.22
2026/07/02 15:15:00,857.78,0.0,,612.96
2026/07/02 15:30:00,860.1,0.0,,621.73
2026/07/02 15:45:00,855.13,0.0,,615.11
2026/07/02 16:00:00,856.12,0.0,,613.79
2026/07/02 16:15:00,858.28,0.0,,620.91
2026/07/02 16:30:00,858.28,0.0,,609.81
2026/07/02 16:45:00,850.33,0.0,,613.13
2026/07/02 17:00:00,858.77,0.0,,622.4
2026/07/02 17:15:00,860.26,0.0,,634.31
2026/07/02 17:30:00,858.94,0.0,,624.38
2026/07/02 17:45:00,862.41,0.0,,621.9
2026/07/02 18:00:00,858.77,0.0,,622.89
2026/07/02 18:15:00,859.1,0.0,,617.1
2026/07/02 18:30:00,859.43,0.0,,617.76
2026/07/02 18:45:00,859.6,0.0,,612.13
2026/07/02 19:00:00,864.73,0.0,,609.48
2026/07/02 19:15:00,866.06,0.0,,602.37
2026/07/02 19:30:00,865.73,0.0,,592.77
2026/07/02 19:45:00,863.74,0.0,,591.61
2026/07/02 20:00:00,867.05,0.0,,587.14
2026/07/02 20:15:00,868.7,0.0,,583.5
2026/07/02 20:30:00,868.21,0.0,,583.5
2026/07/02 20:45:00,872.02,0.0,,183.24
2026/07/02 21:00:00,871.85,0.0,,183.24
2026/07/02 21:15:00,805.47,0.0,,182.75
2026/07/02 21:30:00,0.0,0.0,,124.48
2026/07/02 21:45:00,864.57,0.0,,198.47
2026/07/02 22:00:00,868.37,0.0,,173.81
2026/07/02 22:15:00,0.0,0.0,,75.98
2026/07/02 22:30:00,0.0,0.0,,3.97
2026/07/02 22:45:00,0.0,0.0,,3.81
2026/07/02 23:00:00,0.0,0.0,,3.97
2026/07/02 23:15:00,0.0,0.0,,3.97
2026/07/02 23:30:00,0.0,0.0,,4.14
2026/07/02 23:45:00,0.0,0.0,,4.3
2026/07/03 00:00:00,0.0,0.0,,3.97
2026/07/03 00:15:00,0.0,0.0,,3.81
2026/07/03 00:30:00,0.0,0.0,,0.0
2026/07/03 00:45:00,0.0,0.0,,3.97
2026/07/03 01:00:00,0.0,0.0,,3.97
2026/07/03 01:15:00,0.0,0.0,,3.97
2026/07/03 01:30:00,0.0,0.0,,3.81
2026/07/03 01:45:00,0.0,0.0,,3.97
2026/07/03 02:00:00,0.0,0.0,,3.97
2026/07/03 02:15:00,0.0,0.0,,3.97
2026/07/03 02:30:00,0.0,0.0,,3.97
2026/07/03 02:45:00,0.0,0.0,,3.97
2026/07/03 03:00:00,0.0,0.0,,4.14
2026/07/03 03:15:00,0.0,0.0,,3.97
2026/07/03 03:30:00,0.0,0.0,,3.97
2026/07/03 03:45:00,0.0,0.0,,4.14
2026/07/03 04:00:00,0.0,0.0,,3.97
2026/07/03 04:15:00,0.0,0.0,,4.14
2026/07/03 04:30:00,0.0,0.0,,4.14
2026/07/03 04:45:00,0.0,0.0,,4.14
2026/07/03 05:00:00,0.0,0.0,,3.97
2026/07/03 05:15:00,0.0,0.0,,3.97
2026/07/03 05:30:00,0.0,0.0,,3.97
2026/07/03 05:45:00,0.0,0.0,,3.97
2026/07/03 06:00:00,0.0,0.0,,3.81
2026/07/03 06:15:00,0.0,0.0,,3.97
2026/07/03 06:30:00,0.0,0.0,,4.14
2026/07/03 06:45:00,0.0,0.0,,3.81
2026/07/03 07:00:00,0.0,0.0,,0.0
2026/07/03 07:15:00,0.0,0.0,,0.0
2026/07/03 07:30:00,0.0,0.0,,0.0
2026/07/03 07:45:00,0.0,0.0,,0.0
2026/07/03 08:00:00,0.0,0.0,,0.0
2026/07/03 08:15:00,0.0,0.0,,0.0
2026/07/03 08:30:00,0.0,0.0,,0.0
2026/07/03 08:45:00,0.0,0.0,,0.0
2026/07/03 09:00:00,0.0,0.0,,0.0
2026/07/03 09:15:00,848.68,0.0,,87.57
2026/07/03 09:30:00,856.79,0.0,,144.01
2026/07/03 09:45:00,855.63,0.0,,500.23
2026/07/03 10:00:00,799.51,0.0,,500.4
2026/07/03 10:15:00,854.63,0.0,,569.26
2026/07/03 10:30:00,855.46,0.0,,563.8
2026/07/03 10:45:00,855.46,0.0,,562.31
2026/07/03 11:00:00,856.29,0.0,,558.33
2026/07/03 11:15:00,856.46,0.0,,550.39
2026/07/03 11:30:00,852.81,0.0,,551.38
2026/07/03 11:45:00,855.3,0.0,,549.56
2026/07/03 12:00:00,856.12,0.0,,552.04
2026/07/03 12:15:00,858.44,0.0,,551.38
2026/07/03 12:30:00,858.44,0.0,,548.4
2026/07/03 12:45:00,859.1,0.0,,548.4
2026/07/03 13:00:00,859.6,0.0,,547.91
2026/07/03 13:15:00,862.08,0.0,,561.81
2026/07/03 13:30:00,862.91,0.0,,552.38
2026/07/03 13:45:00,859.93,0.0,,558.83
2026/07/03 14:00:00,861.75,0.0,,550.55
2026/07/03 14:15:00,863.9,0.0,,549.56
2026/07/03 14:30:00,863.24,0.0,,553.53
2026/07/03 14:45:00,860.43,0.0,,553.2
2026/07/03 15:00:00,859.6,0.0,,549.73
2026/07/03 15:15:00,858.28,0.0,,543.27
2026/07/03 15:30:00,858.77,0.0,,537.97
2026/07/03 15:45:00,855.63,0.0,,541.78
2026/07/03 16:00:00,859.27,0.0,,534.33
2026/07/03 16:15:00,856.79,0.0,,541.78
2026/07/03 16:30:00,856.12,0.0,,544.1
2026/07/03 16:45:00,857.12,0.0,,532.68
2026/07/03 17:00:00,860.59,0.0,,536.82
2026/07/03 17:15:00,855.96,0.0,,537.48
2026/07/03 17:30:00,857.78,0.0,,529.37
2026/07/03 17:45:00,856.46,0.0,,533.51
2026/07/03 18:00:00,857.45,0.0,,537.97
2026/07/03 18:15:00,856.29,0.0,,542.11
2026/07/03 18:30:00,858.77,0.0,,543.27
2026/07/03 18:45:00,861.26,0.0,,539.3
2026/07/03 19:00:00,860.1,0.0,,548.4
2026/07/03 19:15:00,862.75,0.0,,548.4
2026/07/03 19:30:00,859.93,0.0,,551.38
2026/07/03 19:45:00,865.39,0.0,,555.69
2026/07/03 20:00:00,864.57,0.0,,558.17
2026/07/03 20:15:00,862.91,0.0,,555.36
2026/07/03 20:30:00,864.57,0.0,,555.69
2026/07/03 20:45:00,864.9,0.0,,558.67
2026/07/03 21:00:00,866.22,0.0,,561.65
2026/07/03 21:15:00,866.88,0.0,,559.33
2026/07/03 21:30:00,863.24,0.0,,557.18
2026/07/03 21:45:00,843.71,0.0,,183.24
2026/07/03 22:00:00,0.0,0.0,,3.97
2026/07/03 22:15:00,0.0,0.0,,3.81
2026/07/03 22:30:00,0.0,0.0,,3.97
2026/07/03 22:45:00,0.0,0.0,,3.97
2026/07/03 23:00:00,0.0,0.0,,3.97
2026/07/03 23:15:00,0.0,0.0,,3.97
2026/07/03 23:30:00,0.0,0.0,,3.97
2026/07/03 23:45:00,0.0,0.0,,3.97
2026/07/04 00:00:00,0.0,0.0,,3.97
2026/07/04 00:15:00,0.0,0.0,,0.0
2026/07/04 00:30:00,0.0,0.0,,0.0
2026/07/04 00:45:00,0.0,0.0,,3.81
2026/07/04 01:00:00,0.0,0.0,,3.97
2026/07/04 01:15:00,0.0,0.0,,3.81
2026/07/04 01:30:00,0.0,0.0,,3.97
2026/07/04 01:45:00,0.0,0.0,,3.97
2026/07/04 02:00:00,0.0,0.0,,3.97
2026/07/04 02:15:00,0.0,0.0,,3.97
2026/07/04 02:30:00,0.0,0.0,,3.97
2026/07/04 02:45:00,0.0,0.0,,4.14
2026/07/04 03:00:00,0.0,0.0,,3.97
2026/07/04 03:15:00,0.0,0.0,,3.97
2026/07/04 03:30:00,0.0,0.0,,0.0
2026/07/04 03:45:00,0.0,0.0,,0.0
2026/07/04 04:00:00,0.0,0.0,,0.0
2026/07/04 04:15:00,0.0,0.0,,0.0
2026/07/04 04:30:00,0.0,0.0,,0.0
2026/07/04 04:45:00,0.0,0.0,,0.0
2026/07/04 05:00:00,0.0,0.0,,0.0
2026/07/04 05:15:00,0.0,0.0,,0.0
2026/07/04 05:30:00,0.0,0.0,,0.0
2026/07/04 05:45:00,0.0,0.0,,0.0
2026/07/04 06:00:00,0.0,0.0,,0.0
2026/07/04 06:15:00,0.0,0.0,,0.0
2026/07/04 06:30:00,0.0,0.0,,0.0
2026/07/04 06:45:00,0.0,0.0,,0.0
2026/07/04 07:00:00,0.0,0.0,,0.0
2026/07/04 07:15:00,0.0,0.0,,0.0
2026/07/04 07:30:00,0.0,0.0,,0.0
2026/07/04 07:45:00,0.0,0.0,,0.0
2026/07/04 08:00:00,0.0,0.0,,0.0
2026/07/04 08:15:00,0.0,0.0,,0.0
2026/07/04 08:30:00,0.0,0.0,,0.0
2026/07/04 08:45:00,0.0,0.0,,0.0
2026/07/04 09:00:00,0.0,0.0,,0.0
2026/07/04 09:15:00,856.62,0.0,,75.65
2026/07/04 09:30:00,846.36,0.0,,267.33
2026/07/04 09:45:00,854.97,0.0,,500.07
2026/07/04 10:00:00,884.26,0.0,,569.92
2026/07/04 10:15:00,869.53,0.0,,574.06
2026/07/04 10:30:00,869.86,0.0,,565.62
2026/07/04 10:45:00,866.55,0.0,,554.03
2026/07/04 11:00:00,869.53,0.0,,551.22
2026/07/04 11:15:00,868.87,0.0,,551.55
2026/07/04 11:30:00,872.68,0.0,,553.53
2026/07/04 11:45:00,874.33,0.0,,556.85
2026/07/04 12:00:00,872.02,0.0,,560.82
2026/07/04 12:15:00,870.69,0.0,,560.49
2026/07/04 12:30:00,875.99,0.0,,569.76
2026/07/04 12:45:00,875.49,0.0,,565.78
2026/07/04 13:00:00,872.84,0.0,,561.65
2026/07/04 13:15:00,876.48,0.0,,559.66
2026/07/04 13:30:00,873.51,0.0,,555.85
2026/07/04 13:45:00,876.32,0.0,,555.19
2026/07/04 14:00:00,879.8,0.0,,554.86
2026/07/04 14:15:00,880.79,0.0,,554.36
2026/07/04 14:30:00,880.62,0.0,,555.36
2026/07/04 14:45:00,877.64,0.0,,556.02
2026/07/04 15:00:00,878.31,0.0,,554.53
2026/07/04 15:15:00,875.16,0.0,,554.36
2026/07/04 15:30:00,876.48,0.0,,555.19
2026/07/04 15:45:00,869.86,0.0,,544.6
2026/07/04 16:00:00,868.7,0.0,,536.15
2026/07/04 16:15:00,862.91,0.0,,523.24
2026/07/04 16:30:00,863.74,0.0,,521.09
2026/07/04 16:45:00,864.73,0.0,,513.64
2026/07/04 17:00:00,864.57,0.0,,520.43
2026/07/04 17:15:00,861.59,0.0,,526.06
2026/07/04 17:30:00,866.06,0.0,,519.43
2026/07/04 17:45:00,866.55,0.0,,520.59
2026/07/04 18:00:00,867.71,0.0,,538.64
2026/07/04 18:15:00,867.88,0.0,,535.82
2026/07/04 18:30:00,869.2,0.0,,555.02
2026/07/04 18:45:00,870.19,0.0,,544.43
2026/07/04 19:00:00,873.84,0.0,,554.69
2026/07/04 19:15:00,873.34,0.0,,548.57
2026/07/04 19:30:00,875.33,0.0,,546.75
2026/07/04 19:45:00,874.5,0.0,,554.69
2026/07/04 20:00:00,874.99,0.0,,554.86
2026/07/04 20:15:00,874.17,0.0,,541.45
2026/07/04 20:30:00,872.35,0.0,,536.32
2026/07/04 20:45:00,869.04,0.0,,175.63
2026/07/04 21:00:00,875.99,0.0,,140.04
2026/07/04 21:15:00,879.13,0.0,,139.71
2026/07/04 21:30:00,0.0,0.0,,87.73
2026/07/04 21:45:00,0.0,0.0,,3.81
2026/07/04 22:00:00,0.0,0.0,,3.97
2026/07/04 22:15:00,0.0,0.0,,4.14
2026/07/04 22:30:00,0.0,0.0,,4.14
2026/07/04 22:45:00,0.0,0.0,,4.14
2026/07/04 23:00:00,0.0,0.0,,0.0
2026/07/04 23:15:00,0.0,0.0,,3.81
2026/07/04 23:30:00,0.0,0.0,,3.81
2026/07/04 23:45:00,0.0,0.0,,0.0
2026/07/05 00:00:00,0.0,0.0,,0.0
2026/07/05 00:15:00,0.0,0.0,,0.0
2026/07/05 00:30:00,0.0,0.0,,0.0
2026/07/05 00:45:00,0.0,0.0,,0.0
2026/07/05 01:00:00,0.0,0.0,,0.0
2026/07/05 01:15:00,0.0,0.0,,3.81
2026/07/05 01:30:00,0.0,0.0,,3.81
2026/07/05 01:45:00,0.0,0.0,,3.97
2026/07/05 02:00:00,0.0,0.0,,3.81
2026/07/05 02:15:00,0.0,0.0,,3.97
2026/07/05 02:30:00,0.0,0.0,,3.81
2026/07/05 02:45:00,0.0,0.0,,3.81
2026/07/05 03:00:00,0.0,0.0,,3.97
2026/07/05 03:15:00,0.0,0.0,,3.97
2026/07/05 03:30:00,0.0,0.0,,3.97
2026/07/05 03:45:00,0.0,0.0,,3.97
2026/07/05 04:00:00,0.0,0.0,,3.97
2026/07/05 04:15:00,0.0,0.0,,3.97
2026/07/05 04:30:00,0.0,0.0,,3.97
2026/07/05 04:45:00,0.0,0.0,,3.97
2026/07/05 05:00:00,0.0,0.0,,4.14
2026/07/05 05:15:00,0.0,0.0,,3.97
2026/07/05 05:30:00,0.0,0.0,,3.97
2026/07/05 05:45:00,0.0,0.0,,3.97
2026/07/05 06:00:00,0.0,0.0,,3.97
2026/07/05 06:15:00,0.0,0.0,,3.97
2026/07/05 06:30:00,0.0,0.0,,3.97
2026/07/05 06:45:00,0.0,0.0,,3.97
2026/07/05 07:00:00,0.0,0.0,,3.81
2026/07/05 07:15:00,0.0,0.0,,3.97
2026/07/05 07:30:00,0.0,0.0,,3.81
2026/07/05 07:45:00,0.0,0.0,,0.0
2026/07/05 08:00:00,0.0,0.0,,0.0
2026/07/05 08:15:00,0.0,0.0,,0.0
2026/07/05 08:30:00,0.0,0.0,,0.0
2026/07/05 08:45:00,0.0,0.0,,0.0
2026/07/05 09:00:00,0.0,0.0,,0.0
2026/07/05 09:15:00,682.48,0.0,,124.48
2026/07/05 09:30:00,848.18,0.0,,123.82
2026/07/05 09:45:00,846.85,0.0,,123.82
2026/07/05 10:00:00,857.12,0.0,,123.98
2026/07/05 10:15:00,848.34,0.0,,619.42
2026/07/05 10:30:00,849.67,0.0,,616.27
2026/07/05 10:45:00,844.37,0.0,,614.62
2026/07/05 11:00:00,852.65,0.0,,613.79
2026/07/05 11:15:00,859.1,0.0,,612.63
2026/07/05 11:30:00,852.48,0.0,,611.3
2026/07/05 11:45:00,859.6,0.0,,611.3
2026/07/05 12:00:00,856.79,696.55,,250.12
2026/07/05 12:15:00,848.84,830.3,,249.95
2026/07/05 12:30:00,715.75,720.06,,249.45
2026/07/05 12:45:00,659.31,659.64,,249.79
2026/07/05 13:00:00,649.04,634.64,,249.45
2026/07/05 13:15:00,648.05,648.55,,249.79
2026/07/05 13:30:00,648.88,632.49,,249.79
2026/07/05 13:45:00,649.04,636.8,,249.95
2026/07/05 14:00:00,651.53,640.11,,249.45
2026/07/05 14:15:00,648.88,634.98,,249.79
2026/07/05 14:30:00,648.38,635.14,,248.96
2026/07/05 14:45:00,648.38,636.63,,249.12
2026/07/05 15:00:00,650.7,633.65,,249.29
2026/07/05 15:15:00,646.89,623.22,,249.12
2026/07/05 15:30:00,641.1,626.04,,249.29
2026/07/05 15:45:00,636.13,620.41,,249.62
2026/07/05 16:00:00,631.0,617.59,,249.62
2026/07/05 16:15:00,628.68,618.26,,248.96
2026/07/05 16:30:00,628.85,626.37,,249.45
2026/07/05 16:45:00,631.17,627.53,,249.12
2026/07/05 17:00:00,632.99,633.82,,249.29
2026/07/05 17:15:00,632.16,633.98,,248.79
2026/07/05 17:30:00,632.66,628.02,,249.12
2026/07/05 17:45:00,629.51,636.96,,249.29
2026/07/05 18:00:00,632.66,630.67,,248.96
2026/07/05 18:15:00,630.01,633.82,,249.45
2026/07/05 18:30:00,632.66,639.78,,249.62
2026/07/05 18:45:00,631.33,637.13,,249.29
2026/07/05 19:00:00,631.5,627.69,,249.79
2026/07/05 19:15:00,628.35,633.65,,249.45
2026/07/05 19:30:00,629.02,617.76,,249.62
2026/07/05 19:45:00,630.17,613.62,,249.62
2026/07/05 20:00:00,628.02,609.81,,249.95
2026/07/05 20:15:00,628.85,617.1,,249.45
2026/07/05 20:30:00,628.35,605.84,,249.62
2026/07/05 20:45:00,615.44,605.68,,249.95
2026/07/05 21:00:00,615.44,588.46,,249.45
2026/07/05 21:15:00,599.39,589.12,,249.45
2026/07/05 21:30:00,0.0,0.0,,124.15
2026/07/05 21:45:00,0.0,0.0,,0.0
2026/07/05 22:00:00,0.0,0.0,,0.0
2026/07/05 22:15:00,0.0,0.0,,0.0
2026/07/05 22:30:00,0.0,0.0,,0.0
2026/07/05 22:45:00,0.0,0.0,,0.0
2026/07/05 23:00:00,0.0,0.0,,0.0
2026/07/05 23:15:00,0.0,0.0,,3.97
2026/07/05 23:30:00,0.0,0.0,,0.0
2026/07/05 23:45:00,0.0,0.0,,3.97
2026/07/06 00:00:00,0.0,0.0,,0.0
2026/07/06 00:15:00,0.0,0.0,,0.0
2026/07/06 00:30:00,0.0,0.0,,0.0
2026/07/06 00:45:00,0.0,0.0,,3.81
2026/07/06 01:00:00,0.0,0.0,,3.97
2026/07/06 01:15:00,0.0,0.0,,3.97
2026/07/06 01:30:00,0.0,0.0,,3.81
2026/07/06 01:45:00,0.0,0.0,,3.97
2026/07/06 02:00:00,0.0,0.0,,3.97
2026/07/06 02:15:00,0.0,0.0,,3.97
2026/07/06 02:30:00,0.0,0.0,,3.97
2026/07/06 02:45:00,0.0,0.0,,3.97
2026/07/06 03:00:00,0.0,0.0,,3.97
2026/07/06 03:15:00,0.0,0.0,,3.97
2026/07/06 03:30:00,0.0,0.0,,3.97
2026/07/06 03:45:00,0.0,0.0,,0.0
2026/07/06 04:00:00,0.0,0.0,,3.81
2026/07/06 04:15:00,0.0,0.0,,0.0
2026/07/06 04:30:00,0.0,0.0,,0.0
2026/07/06 04:45:00,0.0,0.0,,3.97
2026/07/06 05:00:00,0.0,0.0,,0.0
2026/07/06 05:15:00,0.0,0.0,,0.0
2026/07/06 05:30:00,0.0,0.0,,0.0
2026/07/06 05:45:00,0.0,0.0,,0.0
2026/07/06 06:00:00,0.0,0.0,,0.0
2026/07/06 06:15:00,0.0,0.0,,0.0
2026/07/06 06:30:00,0.0,0.0,,0.0
2026/07/06 06:45:00,0.0,0.0,,0.0
2026/07/06 07:00:00,0.0,0.0,,0.0
2026/07/06 07:15:00,0.0,0.0,,0.0
2026/07/06 07:30:00,0.0,0.0,,0.0
2026/07/06 07:45:00,0.0,0.0,,0.0
2026/07/06 08:00:00,0.0,0.0,,0.0
2026/07/06 08:15:00,0.0,0.0,,0.0
2026/07/06 08:30:00,0.0,0.0,,0.0
2026/07/06 08:45:00,0.0,0.0,,0.0
2026/07/06 09:00:00,0.0,0.0,,0.0
2026/07/06 09:15:00,868.37,0.0,,75.32
2026/07/06 09:30:00,862.41,0.0,,75.15
2026/07/06 09:45:00,866.88,0.0,,74.99
2026/07/06 10:00:00,863.74,0.0,,431.21
2026/07/06 10:15:00,864.9,0.0,,502.55
2026/07/06 10:30:00,854.47,0.0,,503.05
2026/07/06 10:45:00,816.07,0.0,,503.21
2026/07/06 11:00:00,760.78,0.0,,502.72
2026/07/06 11:15:00,739.59,0.0,,501.89
2026/07/06 11:30:00,837.92,0.0,,599.22
2026/07/06 11:45:00,862.08,0.0,,601.54
2026/07/06 12:00:00,867.88,0.0,,611.8
2026/07/06 12:15:00,869.37,0.0,,617.59
2026/07/06 12:30:00,871.52,0.0,,629.02
2026/07/06 12:45:00,875.66,0.0,,630.17
2026/07/06 13:00:00,772.7,779.81,,207.08
2026/07/06 13:15:00,722.87,737.27,,207.24
2026/07/06 13:30:00,651.03,640.44,,207.58
2026/07/06 13:45:00,627.86,609.81,,207.24
2026/07/06 14:00:00,627.36,607.33,,207.24
2026/07/06 14:15:00,617.92,601.7,,207.41
2026/07/06 14:30:00,611.47,598.23,,207.08
2026/07/06 14:45:00,609.15,596.57,,206.75
2026/07/06 15:00:00,606.5,588.13,,206.91
2026/07/06 15:15:00,606.17,595.25,,207.08
2026/07/06 15:30:00,605.51,591.94,,206.91
2026/07/06 15:45:00,604.52,587.63,,206.91
2026/07/06 16:00:00,598.23,582.34,,207.08
2026/07/06 16:15:00,599.88,585.65,,207.24
2026/07/06 16:30:00,597.57,602.2,,207.24
2026/07/06 16:45:00,598.89,609.48,,206.75
2026/07/06 17:00:00,602.2,603.86,,206.91
2026/07/06 17:15:00,601.7,610.15,,206.75
2026/07/06 17:30:00,601.37,618.92,,207.08
2026/07/06 17:45:00,599.39,608.16,,206.91
2026/07/06 18:00:00,600.88,621.73,,206.75
2026/07/06 18:15:00,600.21,620.91,,207.24
2026/07/06 18:30:00,605.51,640.27,,207.08
2026/07/06 18:45:00,612.3,629.84,,207.08
2026/07/06 19:00:00,615.28,617.92,,207.08
2026/07/06 19:15:00,608.33,592.6,,206.91
2026/07/06 19:30:00,586.81,574.39,,206.91
2026/07/06 19:45:00,586.47,574.72,,207.41
2026/07/06 20:00:00,584.99,572.24,,207.58
2026/07/06 20:15:00,571.08,562.31,,207.24
2026/07/06 20:30:00,614.28,0.0,,112.89
2026/07/06 20:45:00,876.15,0.0,,205.75
2026/07/06 21:00:00,873.51,0.0,,205.26
2026/07/06 21:15:00,878.14,0.0,,205.42
2026/07/06 21:30:00,877.15,0.0,,204.93
2026/07/06 21:45:00,850.5,0.0,,205.42
2026/07/06 22:00:00,0.0,0.0,,3.97
2026/07/06 22:15:00,0.0,0.0,,4.14
2026/07/06 22:30:00,0.0,0.0,,4.14
2026/07/06 22:45:00,0.0,0.0,,3.97
2026/07/06 23:00:00,0.0,0.0,,0.0
2026/07/06 23:15:00,0.0,0.0,,3.97
2026/07/06 23:30:00,0.0,0.0,,3.97
2026/07/06 23:45:00,0.0,0.0,,3.81
2026/07/07 00:00:00,0.0,0.0,,3.81
2026/07/07 00:15:00,0.0,0.0,,3.97
2026/07/07 00:30:00,0.0,0.0,,3.97
2026/07/07 00:45:00,0.0,0.0,,3.97
2026/07/07 01:00:00,0.0,0.0,,3.97
2026/07/07 01:15:00,0.0,0.0,,3.81
2026/07/07 01:30:00,0.0,0.0,,3.81
2026/07/07 01:45:00,0.0,0.0,,3.97
2026/07/07 02:00:00,0.0,0.0,,3.97
2026/07/07 02:15:00,0.0,0.0,,3.81
2026/07/07 02:30:00,0.0,0.0,,3.81
2026/07/07 02:45:00,0.0,0.0,,3.97
2026/07/07 03:00:00,0.0,0.0,,3.97
2026/07/07 03:15:00,0.0,0.0,,3.97
2026/07/07 03:30:00,0.0,0.0,,3.97
2026/07/07 03:45:00,0.0,0.0,,3.97
2026/07/07 04:00:00,0.0,0.0,,3.81
2026/07/07 04:15:00,0.0,0.0,,3.97
2026/07/07 04:30:00,0.0,0.0,,3.97
2026/07/07 04:45:00,0.0,0.0,,3.81
2026/07/07 05:00:00,0.0,0.0,,3.81
2026/07/07 05:15:00,0.0,0.0,,3.81
2026/07/07 05:30:00,0.0,0.0,,3.81
2026/07/07 05:45:00,0.0,0.0,,3.97
2026/07/07 06:00:00,0.0,0.0,,3.97
2026/07/07 06:15:00,0.0,0.0,,3.81
2026/07/07 06:30:00,0.0,0.0,,3.81
2026/07/07 06:45:00,0.0,0.0,,3.81
2026/07/07 07:00:00,0.0,0.0,,0.0
2026/07/07 07:15:00,0.0,0.0,,0.0
2026/07/07 07:30:00,0.0,0.0,,0.0
2026/07/07 07:45:00,0.0,0.0,,0.0
2026/07/07 08:00:00,0.0,0.0,,0.0
2026/07/07 08:15:00,0.0,0.0,,0.0
2026/07/07 08:30:00,0.0,0.0,,0.0
2026/07/07 08:45:00,0.0,0.0,,0.0
2026/07/07 09:00:00,358.54,0.0,,105.28
2026/07/07 09:15:00,859.77,0.0,,104.95
2026/07/07 09:30:00,853.64,0.0,,105.94
2026/07/07 09:45:00,854.63,0.0,,528.87
2026/07/07 10:00:00,888.57,0.0,,626.7
2026/07/07 10:15:00,874.99,0.0,,615.44
2026/07/07 10:30:00,867.21,0.0,,609.98
2026/07/07 10:45:00,868.54,0.0,,609.32
2026/07/07 11:00:00,863.08,0.0,,608.82
2026/07/07 11:15:00,864.24,0.0,,609.48
2026/07/07 11:30:00,869.04,0.0,,611.14
2026/07/07 11:45:00,794.22,687.28,,206.58
2026/07/07 12:00:00,760.61,784.28,,206.58
2026/07/07 12:15:00,657.65,651.69,,206.42
2026/07/07 12:30:00,645.9,630.17,,206.58
2026/07/07 12:45:00,644.91,626.86,,207.08
2026/07/07 13:00:00,636.8,626.37,,206.42
2026/07/07 13:15:00,638.95,626.53,,206.58
2026/07/07 13:30:00,637.79,631.66,,206.75
2026/07/07 13:45:00,641.93,637.29,,206.75
2026/07/07 14:00:00,640.27,630.34,,206.75
2026/07/07 14:15:00,640.44,641.1,,206.25
2026/07/07 14:30:00,637.29,635.97,,206.91
2026/07/07 14:45:00,621.57,609.65,,206.58
2026/07/07 15:00:00,623.06,615.11,,207.08
2026/07/07 15:15:00,612.79,597.57,,206.91
2026/07/07 15:30:00,612.13,593.92,,206.58
2026/07/07 15:45:00,611.64,606.17,,206.58
2026/07/07 16:00:00,614.62,606.84,,206.75
2026/07/07 16:15:00,614.28,611.3,,207.08
2026/07/07 16:30:00,615.44,617.1,,206.91
2026/07/07 16:45:00,616.44,628.52,,206.58
2026/07/07 17:00:00,618.59,629.02,,206.75
2026/07/07 17:15:00,615.11,637.62,,206.75
2026/07/07 17:30:00,618.26,628.19,,206.75
2026/07/07 17:45:00,617.76,643.42,,206.91
2026/07/07 18:00:00,618.59,646.56,,207.08
2026/07/07 18:15:00,616.77,645.73,,207.08
2026/07/07 18:30:00,617.26,649.87,,207.08
2026/07/07 18:45:00,619.58,642.76,,207.08
2026/07/07 19:00:00,619.75,640.93,,206.75
2026/07/07 19:15:00,625.21,659.64,,207.08
2026/07/07 19:30:00,628.52,655.5,,206.75
2026/07/07 19:45:00,627.03,651.03,,206.91
2026/07/07 20:00:00,628.19,647.89,,206.75
2026/07/07 20:15:00,628.19,651.53,,206.42
2026/07/07 20:30:00,627.2,652.85,,206.58
2026/07/07 20:45:00,626.04,642.92,,206.91
2026/07/07 21:00:00,626.7,639.61,,207.24
2026/07/07 21:15:00,686.95,0.0,,113.06
2026/07/07 21:30:00,860.92,0.0,,112.89
2026/07/07 21:45:00,0.0,0.0,,0.0
2026/07/07 22:00:00,0.0,0.0,,3.81
2026/07/07 22:15:00,0.0,0.0,,3.81
2026/07/07 22:30:00,0.0,0.0,,3.81
2026/07/07 22:45:00,0.0,0.0,,3.97
2026/07/07 23:00:00,0.0,0.0,,3.97
2026/07/07 23:15:00,0.0,0.0,,3.97
2026/07/07 23:30:00,0.0,0.0,,3.81
2026/07/07 23:45:00,0.0,0.0,,4.14
2026/07/08 00:00:00,0.0,0.0,,3.81
2026/07/08 00:15:00,0.0,0.0,,3.97
2026/07/08 00:30:00,0.0,0.0,,3.97
2026/07/08 00:45:00,0.0,0.0,,3.97
2026/07/08 01:00:00,0.0,0.0,,4.14
2026/07/08 01:15:00,0.0,0.0,,4.14
2026/07/08 01:30:00,0.0,0.0,,3.97
2026/07/08 01:45:00,0.0,0.0,,3.97
2026/07/08 02:00:00,0.0,0.0,,3.97
2026/07/08 02:15:00,0.0,0.0,,3.81
2026/07/08 02:30:00,0.0,0.0,,3.97
2026/07/08 02:45:00,0.0,0.0,,3.97
2026/07/08 03:00:00,0.0,0.0,,3.97
2026/07/08 03:15:00,0.0,0.0,,3.97
2026/07/08 03:30:00,0.0,0.0,,3.97
2026/07/08 03:45:00,0.0,0.0,,3.97
2026/07/08 04:00:00,0.0,0.0,,3.81
2026/07/08 04:15:00,0.0,0.0,,3.81
2026/07/08 04:30:00,0.0,0.0,,3.81
2026/07/08 04:45:00,0.0,0.0,,3.97
2026/07/08 05:00:00,0.0,0.0,,3.81
2026/07/08 05:15:00,0.0,0.0,,3.97
2026/07/08 05:30:00,0.0,0.0,,3.97
2026/07/08 05:45:00,0.0,0.0,,3.81
2026/07/08 06:00:00,0.0,0.0,,3.97
2026/07/08 06:15:00,0.0,0.0,,3.97
2026/07/08 06:30:00,0.0,0.0,,3.81
2026/07/08 06:45:00,0.0,0.0,,0.0
2026/07/08 07:00:00,0.0,0.0,,0.0
2026/07/08 07:15:00,0.0,0.0,,0.0
2026/07/08 07:30:00,0.0,0.0,,0.0
2026/07/08 07:45:00,0.0,0.0,,0.0
2026/07/08 08:00:00,0.0,0.0,,0.0
2026/07/08 08:15:00,0.0,0.0,,0.0
2026/07/08 08:30:00,0.0,0.0,,0.0
2026/07/08 08:45:00,0.0,0.0,,0.0
2026/07/08 09:00:00,0.0,0.0,,0.0
2026/07/08 09:15:00,825.17,0.0,,123.65
2026/07/08 09:30:00,853.31,0.0,,124.31
2026/07/08 09:45:00,850.83,767.73,,218.0
2026/07/08 10:00:00,687.61,740.58,,218.17
2026/07/08 10:15:00,587.63,569.09,,217.84
2026/07/08 10:30:00,580.18,562.47,,217.51
2026/07/08 10:45:00,671.06,639.28,,217.34
2026/07/08 11:00:00,676.85,692.75,,217.67
2026/07/08 11:15:00,764.59,788.09,,217.84
2026/07/08 11:30:00,696.39,697.38,,217.67
2026/07/08 11:45:00,661.29,655.67,,217.67
2026/07/08 12:00:00,662.29,645.07,,217.67
2026/07/08 12:15:00,663.61,647.06,,217.34
2026/07/08 12:30:00,662.12,652.03,,217.51
2026/07/08 12:45:00,668.58,667.09,,217.51
2026/07/08 13:00:00,666.1,661.63,,217.34
2026/07/08 13:15:00,666.1,667.09,,217.67
2026/07/08 13:30:00,662.62,650.37,,217.51
2026/07/08 13:45:00,663.94,659.64,,217.67
2026/07/08 14:00:00,664.27,645.9,,217.84
2026/07/08 14:15:00,663.12,645.07,,217.67
2026/07/08 14:30:00,657.65,643.42,,217.51
2026/07/08 14:45:00,655.17,650.04,,217.84
2026/07/08 15:00:00,658.32,640.44,,217.51
2026/07/08 15:15:00,655.83,641.1,,217.67
2026/07/08 15:30:00,655.83,639.78,,217.84
2026/07/08 15:45:00,657.16,637.13,,217.51
2026/07/08 16:00:00,645.4,633.15,,217.67
2026/07/08 16:15:00,644.74,629.18,,217.67
2026/07/08 16:30:00,648.22,631.33,,217.51
2026/07/08 16:45:00,647.39,646.73,,218.0
2026/07/08 17:00:00,647.22,628.68,,218.0
2026/07/08 17:15:00,644.25,637.29,,218.0
2026/07/08 17:30:00,648.05,638.29,,217.67
2026/07/08 17:45:00,645.73,640.11,,218.0
2026/07/08 18:00:00,644.91,641.6,,218.0
2026/07/08 18:15:00,644.91,631.5,,218.0
2026/07/08 18:30:00,646.4,637.79,,217.84
2026/07/08 18:45:00,644.58,631.83,,218.33
2026/07/08 19:00:00,648.38,638.12,,218.0
2026/07/08 19:15:00,647.06,629.84,,218.33
2026/07/08 19:30:00,648.22,638.78,,218.17
2026/07/08 19:45:00,645.73,633.32,,217.84
2026/07/08 20:00:00,637.46,623.55,,217.67
2026/07/08 20:15:00,631.33,619.25,,217.84
2026/07/08 20:30:00,572.74,617.59,,218.0
2026/07/08 20:45:00,0.0,672.55,,105.11
2026/07/08 21:00:00,0.0,820.37,,105.28
2026/07/08 21:15:00,0.0,787.76,,104.95
2026/07/08 21:30:00,0.0,0.0,,105.28
2026/07/08 21:45:00,0.0,0.0,,3.97
2026/07/08 22:00:00,0.0,1.99,,3.81
2026/07/08 22:15:00,0.0,0.0,,3.97
2026/07/08 22:30:00,0.0,0.0,,3.97
2026/07/08 22:45:00,0.0,0.0,,3.97
2026/07/08 23:00:00,0.0,0.0,,4.14
2026/07/08 23:15:00,0.0,0.0,,4.14
2026/07/08 23:30:00,0.0,0.0,,3.97
2026/07/08 23:45:00,0.0,0.0,,3.97
2026/07/09 00:00:00,0.0,0.0,,3.81
2026/07/09 00:15:00,0.0,0.0,,3.81
2026/07/09 00:30:00,0.0,0.0,,3.97
2026/07/09 00:45:00,0.0,0.0,,3.81
2026/07/09 01:00:00,0.0,0.0,,3.97
2026/07/09 01:15:00,0.0,0.0,,3.97
2026/07/09 01:30:00,0.0,0.0,,3.97
2026/07/09 01:45:00,0.0,0.0,,3.97
2026/07/09 02:00:00,0.0,0.0,,3.97
2026/07/09 02:15:00,0.0,0.0,,3.97
2026/07/09 02:30:00,0.0,0.0,,3.97
2026/07/09 02:45:00,0.0,0.0,,3.97
2026/07/09 03:00:00,0.0,0.0,,4.14
2026/07/09 03:15:00,0.0,0.0,,4.14
2026/07/09 03:30:00,0.0,0.0,,4.14
2026/07/09 03:45:00,0.0,0.0,,3.81
2026/07/09 04:00:00,0.0,0.0,,0.0
2026/07/09 04:15:00,0.0,0.0,,3.97
2026/07/09 04:30:00,0.0,0.0,,0.0
2026/07/09 04:45:00,0.0,0.0,,3.97
2026/07/09 05:00:00,0.0,0.0,,3.81
2026/07/09 05:15:00,0.0,0.0,,0.0
2026/07/09 05:30:00,0.0,0.0,,3.97
2026/07/09 05:45:00,0.0,0.0,,0.0
2026/07/09 06:00:00,0.0,0.0,,3.81
2026/07/09 06:15:00,0.0,0.0,,0.0
2026/07/09 06:30:00,0.0,0.0,,0.0
2026/07/09 06:45:00,0.0,0.0,,0.0
2026/07/09 07:00:00,0.0,0.0,,0.0
2026/07/09 07:15:00,0.0,0.0,,0.0
2026/07/09 07:30:00,0.0,0.0,,0.0
2026/07/09 07:45:00,0.0,0.0,,0.0
2026/07/09 08:00:00,0.0,0.0,,0.0
2026/07/09 08:15:00,0.0,0.0,,0.0
2026/07/09 08:30:00,0.0,0.0,,0.0
2026/07/09 08:45:00,0.0,0.0,,0.0
2026/07/09 09:00:00,0.0,0.0,,0.0
2026/07/09 09:15:00,0.0,851.66,,112.73
2026/07/09 09:30:00,475.74,845.03,,225.29
2026/07/09 09:45:00,850.66,848.34,,224.96
2026/07/09 10:00:00,851.49,838.25,,224.79
2026/07/09 10:15:00,832.45,817.39,,224.96
2026/07/09 10:30:00,705.16,700.86,,225.12
2026/07/09 10:45:00,657.49,641.1,,224.96
2026/07/09 11:00:00,643.58,629.18,,224.79
2026/07/09 11:15:00,648.55,633.82,,225.29
2026/07/09 11:30:00,645.73,637.29,,225.62
2026/07/09 11:45:00,648.71,632.82,,225.29
2026/07/09 12:00:00,648.38,649.38,,224.96
2026/07/09 12:15:00,647.72,647.89,,225.29
2026/07/09 12:30:00,649.21,663.45,,225.45
2026/07/09 12:45:00,650.7,677.85,,225.29
2026/07/09 13:00:00,652.85,665.6,,224.46
2026/07/09 13:15:00,652.36,668.25,,224.96
2026/07/09 13:30:00,651.36,673.38,,225.62
2026/07/09 13:45:00,650.87,676.03,,225.12
2026/07/09 14:00:00,651.2,679.17,,225.12
2026/07/09 14:15:00,654.18,673.38,,224.79
2026/07/09 14:30:00,653.68,672.22,,225.29
2026/07/09 14:45:00,651.69,669.07,,224.63
2026/07/09 15:00:00,650.87,666.92,,225.62
2026/07/09 15:15:00,652.36,655.17,,225.45
2026/07/09 15:30:00,649.04,653.02,,225.29
2026/07/09 15:45:00,647.72,652.69,,225.12
2026/07/09 16:00:00,649.87,651.86,,225.12
2026/07/09 16:15:00,651.53,656.16,,224.96
2026/07/09 16:30:00,651.2,664.44,,224.79
2026/07/09 16:45:00,650.54,668.08,,225.12
2026/07/09 17:00:00,652.19,668.41,,225.29
2026/07/09 17:15:00,649.38,658.32,,224.96
2026/07/09 17:30:00,653.18,664.61,,225.12
2026/07/09 17:45:00,653.18,672.55,,224.63
2026/07/09 18:00:00,653.02,678.84,,225.62
2026/07/09 18:15:00,650.54,675.2,,224.96
2026/07/09 18:30:00,652.85,677.52,,224.63
2026/07/09 18:45:00,655.17,685.46,,224.96
2026/07/09 19:00:00,654.84,677.52,,224.96
2026/07/09 19:15:00,653.18,684.14,,225.62
2026/07/09 19:30:00,654.51,679.5,,224.96
2026/07/09 19:45:00,653.68,677.19,,225.78
2026/07/09 20:00:00,650.54,679.83,,225.29
2026/07/09 20:15:00,653.02,676.36,,225.12
2026/07/09 20:30:00,654.84,675.7,,225.29
2026/07/09 20:45:00,651.69,669.57,,225.45
2026/07/09 21:00:00,653.51,671.72,,224.96
2026/07/09 21:15:00,652.03,661.63,,225.62
2026/07/09 21:30:00,650.04,0.0,,225.78
2026/07/09 21:45:00,649.04,0.0,,123.82
2026/07/09 22:00:00,657.98,0.0,,123.82
2026/07/09 22:15:00,0.0,0.0,,3.81
2026/07/09 22:30:00,0.0,0.0,,3.81
2026/07/09 22:45:00,0.0,0.0,,3.97
2026/07/09 23:00:00,0.0,0.0,,3.97
2026/07/09 23:15:00,0.0,0.0,,3.97
2026/07/09 23:30:00,0.0,0.0,,3.97
2026/07/09 23:45:00,0.0,0.0,,3.97
2026/07/10 00:00:00,0.0,0.0,,3.97
2026/07/10 00:15:00,0.0,0.0,,3.97
2026/07/10 00:30:00,0.0,0.0,,0.0
2026/07/10 00:45:00,0.0,0.0,,3.97
2026/07/10 01:00:00,0.0,0.0,,3.97
2026/07/10 01:15:00,0.0,0.0,,3.97
2026/07/10 01:30:00,0.0,0.0,,3.81
2026/07/10 01:45:00,0.0,0.0,,3.81
2026/07/10 02:00:00,0.0,0.0,,3.97
2026/07/10 02:15:00,0.0,0.0,,3.97
2026/07/10 02:30:00,0.0,0.0,,3.97
2026/07/10 02:45:00,0.0,0.0,,3.81
2026/07/10 03:00:00,0.0,0.0,,0.0
2026/07/10 03:15:00,0.0,0.0,,0.0
2026/07/10 03:30:00,0.0,0.0,,0.0
2026/07/10 03:45:00,0.0,0.0,,0.0
2026/07/10 04:00:00,0.0,0.0,,0.0
2026/07/10 04:15:00,0.0,0.0,,0.0
2026/07/10 04:30:00,0.0,0.0,,0.0
2026/07/10 04:45:00,0.0,0.0,,0.0
2026/07/10 05:00:00,0.0,0.0,,0.0
2026/07/10 05:15:00,0.0,0.0,,0.0
2026/07/10 05:30:00,0.0,0.0,,0.0
2026/07/10 05:45:00,0.0,0.0,,0.0
2026/07/10 06:00:00,0.0,0.0,,0.0
2026/07/10 06:15:00,0.0,0.0,,0.0
2026/07/10 06:30:00,0.0,0.0,,0.0
2026/07/10 06:45:00,0.0,0.0,,0.0
2026/07/10 07:00:00,0.0,0.0,,0.0
2026/07/10 07:15:00,0.0,0.0,,0.0
2026/07/10 07:30:00,0.0,0.0,,0.0
2026/07/10 07:45:00,0.0,0.0,,3.81
2026/07/10 08:00:00,0.0,0.0,,0.0
2026/07/10 08:15:00,0.0,0.0,,0.0
2026/07/10 08:30:00,0.0,0.0,,3.97
2026/07/10 08:45:00,0.0,0.0,,0.0
2026/07/10 09:00:00,0.0,0.0,,105.44
2026/07/10 09:15:00,856.12,0.0,,105.11
2026/07/10 09:30:00,857.12,0.0,,206.75
2026/07/10 09:45:00,858.94,834.94,,206.75
2026/07/10 10:00:00,826.99,814.74,,206.58
2026/07/10 10:15:00,723.37,733.3,,206.25
2026/07/10 10:30:00,674.21,661.96,,206.75
2026/07/10 10:45:00,667.25,663.28,,206.58
2026/07/10 11:00:00,661.46,648.38,,206.58
2026/07/10 11:15:00,658.65,659.81,,206.09
2026/07/10 11:30:00,664.27,677.35,,206.58
2026/07/10 11:45:00,661.46,666.43,,206.25
2026/07/10 12:00:00,661.79,666.76,,206.09
2026/07/10 12:15:00,662.95,677.19,,206.09
2026/07/10 12:30:00,663.45,669.74,,206.42
2026/07/10 12:45:00,660.8,660.14,,206.25
2026/07/10 13:00:00,612.46,626.53,,181.42
2026/07/10 13:15:00,619.25,639.94,,181.59
2026/07/10 13:30:00,631.17,660.47,,181.75
2026/07/10 13:45:00,628.68,655.34,,181.26
2026/07/10 14:00:00,629.51,652.19,,181.26
2026/07/10 14:15:00,629.84,656.83,,181.92
2026/07/10 14:30:00,627.53,637.62,,181.42
2026/07/10 14:45:00,626.7,636.8,,181.42
2026/07/10 15:00:00,628.85,632.0,,181.59
2026/07/10 15:15:00,625.21,621.57,,181.59
2026/07/10 15:30:00,622.23,616.1,,181.75
2026/07/10 15:45:00,618.59,612.63,,181.75
2026/07/10 16:00:00,618.42,619.08,,181.75
2026/07/10 16:15:00,618.59,609.15,,181.42
2026/07/10 16:30:00,617.59,628.19,,181.75
2026/07/10 16:45:00,618.92,629.35,,181.75
2026/07/10 17:00:00,621.9,640.44,,181.59
2026/07/10 17:15:00,620.24,642.59,,181.75
2026/07/10 17:30:00,621.73,649.38,,182.08
2026/07/10 17:45:00,626.04,659.47,,181.59
2026/07/10 18:00:00,631.5,655.34,,181.75
2026/07/10 18:15:00,629.02,662.29,,181.42
2026/07/10 18:30:00,632.0,653.18,,181.42
2026/07/10 18:45:00,633.65,658.48,,181.42
2026/07/10 19:00:00,649.38,676.36,,181.59
2026/07/10 19:15:00,650.87,688.94,,181.92
2026/07/10 19:30:00,654.67,689.6,,181.59
2026/07/10 19:45:00,659.14,695.06,,181.42
2026/07/10 20:00:00,665.6,698.7,,181.92
2026/07/10 20:15:00,672.05,706.48,,181.59
2026/07/10 20:30:00,668.74,703.17,,181.42
2026/07/10 20:45:00,667.75,694.24,,181.59
2026/07/10 21:00:00,698.54,0.0,,86.9
2026/07/10 21:15:00,834.44,0.0,,87.07
2026/07/10 21:30:00,0.0,0.0,,87.07
2026/07/10 21:45:00,0.0,0.0,,0.0
2026/07/10 22:00:00,0.0,0.0,,0.0
2026/07/10 22:15:00,0.0,0.0,,0.0
2026/07/10 22:30:00,0.0,0.0,,0.0
2026/07/10 22:45:00,0.0,0.0,,0.0
2026/07/10 23:00:00,0.0,0.0,,0.0
2026/07/10 23:15:00,0.0,1.82,,3.97
2026/07/10 23:30:00,0.0,0.0,,3.81
2026/07/10 23:45:00,0.0,0.0,,3.97
2026/07/11 00:00:00,0.0,0.0,,3.97
2026/07/11 00:15:00,0.0,0.0,,3.81
2026/07/11 00:30:00,0.0,0.0,,3.97
2026/07/11 00:45:00,0.0,0.0,,3.97
2026/07/11 01:00:00,0.0,0.0,,3.97
2026/07/11 01:15:00,0.0,0.0,,3.97
2026/07/11 01:30:00,0.0,0.0,,3.81
2026/07/11 01:45:00,0.0,0.0,,3.97
2026/07/11 02:00:00,0.0,0.0,,4.14
2026/07/11 02:15:00,0.0,0.0,,3.97
2026/07/11 02:30:00,0.0,0.0,,3.97
2026/07/11 02:45:00,0.0,0.0,,0.0
2026/07/11 03:00:00,0.0,0.0,,3.81
2026/07/11 03:15:00,0.0,0.0,,3.81
2026/07/11 03:30:00,0.0,0.0,,3.97
2026/07/11 03:45:00,0.0,0.0,,3.81
2026/07/11 04:00:00,0.0,0.0,,3.81
2026/07/11 04:15:00,0.0,0.0,,3.97
2026/07/11 04:30:00,0.0,0.0,,3.97
2026/07/11 04:45:00,0.0,0.0,,3.97
2026/07/11 05:00:00,0.0,0.0,,3.97
2026/07/11 05:15:00,0.0,0.0,,3.97
2026/07/11 05:30:00,0.0,0.0,,4.14
2026/07/11 05:45:00,0.0,0.0,,3.97
2026/07/11 06:00:00,0.0,0.0,,3.97
2026/07/11 06:15:00,0.0,0.0,,3.97
2026/07/11 06:30:00,0.0,0.0,,3.97
2026/07/11 06:45:00,0.0,0.0,,3.97
2026/07/11 07:00:00,0.0,0.0,,3.97
2026/07/11 07:15:00,0.0,0.0,,3.97
2026/07/11 07:30:00,0.0,0.0,,3.81
2026/07/11 07:45:00,0.0,0.0,,3.97
2026/07/11 08:00:00,0.0,0.0,,0.0
2026/07/11 08:15:00,0.0,0.0,,0.0
2026/07/11 08:30:00,0.0,0.0,,0.0
2026/07/11 08:45:00,0.0,0.0,,0.0
2026/07/11 09:00:00,0.0,0.0,,0.0
2026/07/11 09:15:00,857.95,0.0,,218.17
2026/07/11 09:30:00,864.07,850.0,,217.51
2026/07/11 09:45:00,851.49,842.88,,217.67
2026/07/11 10:00:00,812.26,827.49,,217.51
2026/07/11 10:15:00,716.58,718.73,,217.34
2026/07/11 10:30:00,684.3,674.04,,217.51
2026/07/11 10:45:00,680.0,671.06,,217.34
2026/07/11 11:00:00,680.5,676.36,,217.34
2026/07/11 11:15:00,678.51,672.72,,217.51
2026/07/11 11:30:00,681.66,672.05,,217.51
2026/07/11 11:45:00,727.34,705.33,,217.67
2026/07/11 12:00:00,803.49,812.09,,217.51
2026/07/11 12:15:00,777.33,784.95,,218.0
2026/07/11 12:30:00,737.77,735.95,,217.67
2026/07/11 12:45:00,734.79,723.7,,217.34
2026/07/11 13:00:00,732.31,730.32,,217.18
2026/07/11 13:15:00,733.8,741.91,,217.51
2026/07/11 13:30:00,733.47,746.05,,217.67
2026/07/11 13:45:00,734.79,745.72,,217.34
2026/07/11 14:00:00,735.45,739.92,,217.34
2026/07/11 14:15:00,731.81,734.13,,217.34
2026/07/11 14:30:00,733.8,741.74,,217.34
2026/07/11 14:45:00,726.02,726.84,,217.18
2026/07/11 15:00:00,709.8,705.82,,217.34
2026/07/11 15:15:00,696.88,690.1,,217.67
2026/07/11 15:30:00,699.04,695.06,,217.18
2026/07/11 15:45:00,697.38,694.57,,217.34
2026/07/11 16:00:00,696.88,696.06,,217.01
2026/07/11 16:15:00,675.86,677.35,,217.34
2026/07/11 16:30:00,660.47,657.49,,217.34
2026/07/11 16:45:00,659.97,659.97,,217.18
2026/07/11 17:00:00,649.87,646.07,,217.01
2026/07/11 17:15:00,648.38,645.9,,217.34
2026/07/11 17:30:00,648.55,655.34,,217.51
2026/07/11 17:45:00,650.7,664.61,,217.34
2026/07/11 18:00:00,651.36,669.9,,217.67
2026/07/11 18:15:00,649.71,671.56,,217.67
2026/07/11 18:30:00,655.0,676.19,,217.34
2026/07/11 18:45:00,654.34,693.57,,217.84
2026/07/11 19:00:00,656.66,705.99,,217.51
2026/07/11 19:15:00,666.26,712.94,,217.67
2026/07/11 19:30:00,673.05,714.1,,217.34
2026/07/11 19:45:00,672.39,715.09,,217.84
2026/07/11 20:00:00,675.7,724.53,,217.84
2026/07/11 20:15:00,685.79,720.72,,217.84
2026/07/11 20:30:00,684.8,720.89,,217.67
2026/07/11 20:45:00,0.0,713.44,,105.11
2026/07/11 21:00:00,0.0,819.05,,104.95
2026/07/11 21:15:00,0.0,838.25,,104.78
2026/07/11 21:30:00,0.0,0.0,,104.95
2026/07/11 21:45:00,0.0,0.0,,0.0
2026/07/11 22:00:00,0.0,0.0,,0.0
2026/07/11 22:15:00,0.0,0.0,,0.0
2026/07/11 22:30:00,0.0,0.0,,0.0
2026/07/11 22:45:00,0.0,0.0,,87.23
2026/07/11 23:00:00,0.0,0.0,,0.0
2026/07/11 23:15:00,0.0,0.0,,0.0
2026/07/11 23:30:00,0.0,0.0,,0.0
2026/07/11 23:45:00,0.0,0.0,,0.0
2026/07/12 00:00:00,0.0,0.0,,0.0
2026/07/12 00:15:00,0.0,0.0,,0.0
2026/07/12 00:30:00,0.0,0.0,,0.0
2026/07/12 00:45:00,0.0,0.0,,3.97
2026/07/12 01:00:00,0.0,0.0,,3.97
2026/07/12 01:15:00,0.0,0.0,,0.0
2026/07/12 01:30:00,0.0,0.0,,3.97
2026/07/12 01:45:00,0.0,0.0,,3.97
2026/07/12 02:00:00,0.0,0.0,,3.97
2026/07/12 02:15:00,0.0,0.0,,3.97
2026/07/12 02:30:00,0.0,0.0,,3.97
2026/07/12 02:45:00,0.0,0.0,,4.14
2026/07/12 03:00:00,0.0,0.0,,4.14
2026/07/12 03:15:00,0.0,0.0,,3.97
2026/07/12 03:30:00,0.0,0.0,,3.97
2026/07/12 03:45:00,0.0,0.0,,3.97
2026/07/12 04:00:00,0.0,0.0,,4.14
2026/07/12 04:15:00,0.0,0.0,,3.97
2026/07/12 04:30:00,0.0,0.0,,4.14
2026/07/12 04:45:00,0.0,0.0,,4.14
2026/07/12 05:00:00,0.0,0.0,,3.97
2026/07/12 05:15:00,0.0,0.0,,3.81
2026/07/12 05:30:00,0.0,0.0,,3.97
2026/07/12 05:45:00,0.0,0.0,,3.97
2026/07/12 06:00:00,0.0,0.0,,3.81
2026/07/12 06:15:00,0.0,0.0,,3.81
2026/07/12 06:30:00,0.0,0.0,,3.81
2026/07/12 06:45:00,0.0,0.0,,3.81
2026/07/12 07:00:00,0.0,0.0,,0.0
2026/07/12 07:15:00,0.0,0.0,,0.0
2026/07/12 07:30:00,0.0,0.0,,0.0
2026/07/12 07:45:00,0.0,0.0,,0.0
2026/07/12 08:00:00,0.0,0.0,,0.0
2026/07/12 08:15:00,0.0,0.0,,0.0
2026/07/12 08:30:00,0.0,0.0,,0.0
2026/07/12 08:45:00,0.0,0.0,,0.0
2026/07/12 09:00:00,0.0,0.0,,0.0
2026/07/12 09:15:00,865.56,461.0,,218.0
2026/07/12 09:30:00,860.1,856.29,,189.04
2026/07/12 09:45:00,857.12,850.66,,188.87
2026/07/12 10:00:00,773.69,814.08,,188.7
2026/07/12 10:15:00,834.61,817.89,,217.18
2026/07/12 10:30:00,757.63,782.96,,217.67
2026/07/12 10:45:00,697.71,698.37,,217.51
2026/07/12 11:00:00,683.31,681.16,,217.34
2026/07/12 11:15:00,684.14,688.11,,217.51
2026/07/12 11:30:00,687.28,709.8,,217.18
2026/07/12 11:45:00,686.46,707.64,,217.51
2026/07/12 12:00:00,685.13,724.03,,217.34
2026/07/12 12:15:00,689.77,726.51,,217.34
2026/07/12 12:30:00,686.95,730.65,,217.34
2026/07/12 12:45:00,688.28,730.98,,217.34
2026/07/12 13:00:00,686.95,726.84,,217.01
2026/07/12 13:15:00,688.11,730.32,,217.34
2026/07/12 13:30:00,686.12,716.42,,217.01
2026/07/12 13:45:00,687.61,716.91,,217.18
2026/07/12 14:00:00,687.78,710.29,,217.18
2026/07/12 14:15:00,688.11,709.13,,217.34
2026/07/12 14:30:00,687.45,708.8,,217.34
2026/07/12 14:45:00,687.78,720.72,,217.34
2026/07/12 15:00:00,685.79,703.34,,217.34
2026/07/12 15:15:00,682.32,680.33,,217.18
2026/07/12 15:30:00,682.32,689.27,,217.18
2026/07/12 15:45:00,682.98,680.99,,216.85
2026/07/12 16:00:00,684.47,684.47,,217.18
2026/07/12 16:15:00,682.65,679.5,,216.68
2026/07/12 16:30:00,680.66,693.24,,217.01
2026/07/12 16:45:00,685.63,688.61,,217.01
2026/07/12 17:00:00,684.47,686.12,,217.18
2026/07/12 17:15:00,682.48,693.08,,217.34
2026/07/12 17:30:00,684.3,685.3,,217.51
2026/07/12 17:45:00,681.32,685.3,,217.01
2026/07/12 18:00:00,685.63,692.75,,217.18
2026/07/12 18:15:00,684.8,693.08,,217.34
2026/07/12 18:30:00,687.61,700.86,,217.34
2026/07/12 18:45:00,685.96,701.02,,217.18
2026/07/12 19:00:00,686.12,691.59,,217.51
2026/07/12 19:15:00,684.3,695.39,,217.18
2026/07/12 19:30:00,683.48,688.28,,217.51
2026/07/12 19:45:00,682.98,680.99,,217.51
2026/07/12 20:00:00,684.63,698.04,,217.67
2026/07/12 20:15:00,684.47,702.02,,217.67
2026/07/12 20:30:00,687.61,705.66,,217.34
2026/07/12 20:45:00,684.14,710.29,,217.34
2026/07/12 21:00:00,684.63,690.76,,217.18
2026/07/12 21:15:00,663.28,665.6,,217.67
2026/07/12 21:30:00,506.69,644.91,,217.51
2026/07/12 21:45:00,0.0,392.8,,107.93
2026/07/12 22:00:00,0.0,0.0,,108.26
2026/07/12 22:15:00,0.0,0.0,,0.0
2026/07/12 22:30:00,0.0,0.0,,0.0
2026/07/12 22:45:00,0.0,0.0,,3.97
2026/07/12 23:00:00,0.0,0.0,,0.0
2026/07/12 23:15:00,0.0,0.0,,3.81
2026/07/12 23:30:00,0.0,0.0,,3.81
2026/07/12 23:45:00,0.0,0.0,,3.97
2026/07/13 00:00:00,0.0,0.0,,3.97
2026/07/13 00:15:00,0.0,0.0,,3.81
2026/07/13 00:30:00,0.0,0.0,,3.97
2026/07/13 00:45:00,0.0,0.0,,3.97
2026/07/13 01:00:00,0.0,0.0,,3.97
2026/07/13 01:15:00,0.0,0.0,,3.97
2026/07/13 01:30:00,0.0,0.0,,3.97
2026/07/13 01:45:00,0.0,0.0,,3.81
2026/07/13 02:00:00,0.0,0.0,,4.14
2026/07/13 02:15:00,0.0,0.0,,3.97
2026/07/13 02:30:00,0.0,0.0,,4.14
2026/07/13 02:45:00,0.0,0.0,,3.97
2026/07/13 03:00:00,0.0,0.0,,4.14
2026/07/13 03:15:00,0.0,0.0,,3.81
2026/07/13 03:30:00,0.0,0.0,,3.81
2026/07/13 03:45:00,0.0,0.0,,3.97
2026/07/13 04:00:00,0.0,0.0,,3.97
2026/07/13 04:15:00,0.0,0.0,,3.97
2026/07/13 04:30:00,0.0,0.0,,3.97
2026/07/13 04:45:00,0.0,0.0,,3.97
2026/07/13 05:00:00,0.0,0.0,,3.97
2026/07/13 05:15:00,0.0,0.0,,3.81
2026/07/13 05:30:00,0.0,0.0,,0.0
2026/07/13 05:45:00,0.0,0.0,,0.0
2026/07/13 06:00:00,0.0,0.0,,0.0
2026/07/13 06:15:00,0.0,0.0,,0.0
2026/07/13 06:30:00,0.0,0.0,,0.0
2026/07/13 06:45:00,0.0,0.0,,0.0
2026/07/13 07:00:00,0.0,0.0,,0.0
2026/07/13 07:15:00,0.0,0.0,,0.0
2026/07/13 07:30:00,0.0,0.0,,0.0
2026/07/13 07:45:00,0.0,0.0,,0.0
2026/07/13 08:00:00,0.0,0.0,,0.0
2026/07/13 08:15:00,0.0,0.0,,0.0
2026/07/13 08:30:00,0.0,0.0,,0.0
2026/07/13 08:45:00,0.0,0.0,,0.0
2026/07/13 09:00:00,0.0,0.0,,87.23
2026/07/13 09:15:00,850.83,530.69,,199.96
2026/07/13 09:30:00,852.81,848.01,,200.29
2026/07/13 09:45:00,842.39,825.34,,200.29
2026/07/13 10:00:00,823.18,814.58,,225.78
2026/07/13 10:15:00,761.28,793.22,,225.62
2026/07/13 10:30:00,718.24,730.82,,225.29
2026/07/13 10:45:00,708.31,702.02,,224.96
2026/07/13 11:00:00,709.8,705.49,,224.79
2026/07/13 11:15:00,710.95,720.89,,225.12
2026/07/13 11:30:00,710.13,711.12,,224.46
2026/07/13 11:45:00,711.45,711.29,,224.96
2026/07/13 12:00:00,702.35,702.35,,224.96
2026/07/13 12:15:00,705.82,700.36,,224.96
2026/07/13 12:30:00,702.51,701.85,,224.63
2026/07/13 12:45:00,707.48,708.97,,224.96
2026/07/13 13:00:00,704.5,722.54,,224.96
2026/07/13 13:15:00,705.99,721.88,,225.12
2026/07/13 13:30:00,705.16,723.87,,224.79
2026/07/13 13:45:00,706.82,724.36,,224.96
2026/07/13 14:00:00,707.15,719.4,,225.29
2026/07/13 14:15:00,703.34,704.5,,224.79
2026/07/13 14:30:00,697.21,700.03,,224.46
2026/07/13 14:45:00,676.69,686.62,,225.29
2026/07/13 15:00:00,660.96,661.96,,224.96
2026/07/13 15:15:00,653.18,653.02,,224.46
2026/07/13 15:30:00,654.34,648.55,,224.96
2026/07/13 15:45:00,653.68,663.12,,224.96
2026/07/13 16:00:00,656.16,669.07,,224.79
2026/07/13 16:15:00,655.5,673.05,,224.79
2026/07/13 16:30:00,656.16,689.93,,224.46
2026/07/13 16:45:00,659.14,696.22,,224.79
2026/07/13 17:00:00,659.97,698.04,,224.63
2026/07/13 17:15:00,671.06,707.48,,225.12
2026/07/13 17:30:00,673.21,718.4,,224.79
2026/07/13 17:45:00,681.99,723.37,,225.62
2026/07/13 18:00:00,683.97,731.98,,225.45
2026/07/13 18:15:00,685.63,733.96,,224.63
2026/07/13 18:30:00,683.81,737.11,,224.63
2026/07/13 18:45:00,682.98,734.79,,225.45
2026/07/13 19:00:00,688.44,733.3,,225.45
2026/07/13 19:15:00,685.3,728.83,,224.79
2026/07/13 19:30:00,683.97,725.69,,225.12
2026/07/13 19:45:00,682.81,721.55,,225.12
2026/07/13 20:00:00,682.81,730.98,,225.62
2026/07/13 20:15:00,683.31,721.05,,225.29
2026/07/13 20:30:00,687.61,714.6,,225.45
2026/07/13 20:45:00,685.96,704.17,,225.12
2026/07/13 21:00:00,684.8,687.95,,225.45
2026/07/13 21:15:00,728.17,0.0,,123.82
2026/07/13 21:30:00,0.0,0.0,,123.82
2026/07/13 21:45:00,0.0,0.0,,0.0
2026/07/13 22:00:00,0.0,0.0,,0.0
2026/07/13 22:15:00,0.0,0.0,,0.0
2026/07/13 22:30:00,0.0,0.0,,0.0
2026/07/13 22:45:00,0.0,0.0,,0.0
2026/07/13 23:00:00,0.0,0.0,,0.0
2026/07/13 23:15:00,0.0,0.0,,3.97
2026/07/13 23:30:00,0.0,0.0,,0.0
2026/07/13 23:45:00,0.0,0.0,,0.0
2026/07/14 00:00:00,0.0,0.0,,0.0
2026/07/14 00:15:00,0.0,0.0,,0.0
2026/07/14 00:30:00,0.0,0.0,,0.0
2026/07/14 00:45:00,0.0,0.0,,0.0
2026/07/14 01:00:00,0.0,0.0,,0.0
2026/07/14 01:15:00,0.0,0.0,,0.0
2026/07/14 01:30:00,0.0,0.0,,0.0
2026/07/14 01:45:00,0.0,0.0,,0.0
2026/07/14 02:00:00,0.0,0.0,,3.97
2026/07/14 02:15:00,0.0,0.0,,3.97
2026/07/14 02:30:00,0.0,0.0,,0.0
2026/07/14 02:45:00,0.0,0.0,,3.97
2026/07/14 03:00:00,0.0,0.0,,3.97
2026/07/14 03:15:00,0.0,0.0,,4.14
2026/07/14 03:30:00,0.0,0.0,,3.81
2026/07/14 03:45:00,0.0,0.0,,0.0
2026/07/14 04:00:00,0.0,0.0,,0.0
2026/07/14 04:15:00,0.0,0.0,,0.0
2026/07/14 04:30:00,0.0,0.0,,0.0
2026/07/14 04:45:00,0.0,0.0,,0.0
2026/07/14 05:00:00,0.0,0.0,,0.0
2026/07/14 05:15:00,0.0,0.0,,0.0
2026/07/14 05:30:00,0.0,0.0,,0.0
2026/07/14 05:45:00,0.0,0.0,,0.0
2026/07/14 06:00:00,0.0,0.0,,0.0
2026/07/14 06:15:00,0.0,0.0,,0.0
2026/07/14 06:30:00,0.0,0.0,,0.0
2026/07/14 06:45:00,0.0,0.0,,0.0
2026/07/14 07:00:00,0.0,0.0,,0.0
2026/07/14 07:15:00,0.0,0.0,,0.0
2026/07/14 07:30:00,0.0,0.0,,0.0
2026/07/14 07:45:00,0.0,0.0,,0.0
2026/07/14 08:00:00,0.0,0.0,,0.0
2026/07/14 08:15:00,0.0,0.0,,0.0
2026/07/14 08:30:00,0.0,0.0,,0.0
2026/07/14 08:45:00,0.0,0.0,,0.0
2026/07/14 09:00:00,855.96,0.0,,104.95
2026/07/14 09:15:00,801.33,0.0,,77.8
2026/07/14 09:30:00,854.14,839.57,,157.75
2026/07/14 09:45:00,850.99,841.23,,157.92
2026/07/14 10:00:00,848.18,826.49,,157.92
2026/07/14 10:15:00,830.14,812.92,,157.75
2026/07/14 10:30:00,822.36,802.99,,157.75
2026/07/14 10:45:00,780.64,793.55,,157.59
2026/07/14 11:00:00,743.07,776.01,,157.75
2026/07/14 11:15:00,774.35,789.75,,206.91
2026/07/14 11:30:00,776.84,791.4,,206.75
2026/07/14 11:45:00,778.82,792.4,,206.58
2026/07/14 12:00:00,779.32,790.57,,206.25
2026/07/14 12:15:00,779.48,790.24,,206.58
2026/07/14 12:30:00,781.8,794.55,,206.25
2026/07/14 12:45:00,804.81,797.69,,206.42
2026/07/14 13:00:00,800.51,798.02,,206.42
2026/07/14 13:15:00,798.69,792.73,,206.25
2026/07/14 13:30:00,795.21,795.71,,206.25
2026/07/14 13:45:00,775.68,789.91,,206.42
2026/07/14 14:00:00,763.26,780.97,,206.75
2026/07/14 14:15:00,748.86,768.39,,206.58
2026/07/14 14:30:00,746.21,756.81,,206.25
2026/07/14 14:45:00,745.05,749.69,,206.42
2026/07/14 15:00:00,736.28,732.8,,206.58
2026/07/14 15:15:00,738.1,715.75,,206.09
2026/07/14 15:30:00,739.92,726.51,,206.42
2026/07/14 15:45:00,737.11,729.82,,206.25
2026/07/14 16:00:00,736.78,727.01,,206.58
2026/07/14 16:15:00,736.94,726.68,,206.42
2026/07/14 16:30:00,737.94,739.26,,206.42
2026/07/14 16:45:00,740.42,761.94,,206.42
2026/07/14 17:00:00,743.4,772.7,,205.92
2026/07/14 17:15:00,774.85,773.69,,206.42
2026/07/14 17:30:00,777.66,778.32,,206.42
2026/07/14 17:45:00,764.59,768.06,,206.58
2026/07/14 18:00:00,741.58,760.78,,206.75
2026/07/14 18:15:00,737.27,751.51,,206.42
2026/07/14 18:30:00,736.61,746.38,,206.42
2026/07/14 18:45:00,741.58,738.76,,207.08
2026/07/14 19:00:00,742.07,729.49,,206.75
2026/07/14 19:15:00,742.4,753.16,,206.75
2026/07/14 19:30:00,742.74,777.17,,206.25
2026/07/14 19:45:00,745.38,776.67,,206.58
2026/07/14 20:00:00,755.81,781.97,,206.91
2026/07/14 20:15:00,779.81,779.65,,206.91
2026/07/14 20:30:00,779.65,778.16,,206.42
2026/07/14 20:45:00,0.0,786.1,,112.73
2026/07/14 21:00:00,0.0,837.42,,112.89
2026/07/14 21:15:00,0.0,846.69,,113.39
2026/07/14 21:30:00,0.0,0.0,,113.39
2026/07/14 21:45:00,0.0,0.0,,3.97
2026/07/14 22:00:00,0.0,0.0,,4.14
2026/07/14 22:15:00,0.0,0.0,,3.81
2026/07/14 22:30:00,0.0,0.0,,0.0
2026/07/14 22:45:00,0.0,0.0,,3.97
2026/07/14 23:00:00,0.0,0.0,,0.0
2026/07/14 23:15:00,0.0,0.0,,0.0
2026/07/14 23:30:00,0.0,0.0,,0.0
2026/07/14 23:45:00,0.0,0.0,,0.0
2026/07/15 00:00:00,0.0,0.0,,0.0
2026/07/15 00:15:00,0.0,0.0,,0.0
2026/07/15 00:30:00,0.0,0.0,,0.0
2026/07/15 00:45:00,0.0,0.0,,3.97
2026/07/15 01:00:00,0.0,0.0,,3.97
2026/07/15 01:15:00,0.0,0.0,,3.97
2026/07/15 01:30:00,0.0,0.0,,0.0
2026/07/15 01:45:00,0.0,0.0,,0.0
2026/07/15 02:00:00,0.0,0.0,,0.0
2026/07/15 02:15:00,0.0,0.0,,0.0
2026/07/15 02:30:00,0.0,0.0,,0.0
2026/07/15 02:45:00,0.0,0.0,,0.0
2026/07/15 03:00:00,0.0,0.0,,3.97
2026/07/15 03:15:00,0.0,0.0,,3.97
2026/07/15 03:30:00,0.0,0.0,,3.97
2026/07/15 03:45:00,0.0,0.0,,3.97
2026/07/15 04:00:00,0.0,0.0,,3.81
2026/07/15 04:15:00,0.0,0.0,,3.97
2026/07/15 04:30:00,0.0,0.0,,3.97
2026/07/15 04:45:00,0.0,0.0,,3.97
2026/07/15 05:00:00,0.0,0.0,,3.97
2026/07/15 05:15:00,0.0,0.0,,3.97
2026/07/15 05:30:00,0.0,0.0,,3.97
2026/07/15 05:45:00,0.0,0.0,,3.97
2026/07/15 06:00:00,0.0,0.0,,3.97
2026/07/15 06:15:00,0.0,0.0,,3.81
2026/07/15 06:30:00,0.0,0.0,,3.97
2026/07/15 06:45:00,0.0,0.0,,3.81
2026/07/15 07:00:00,0.0,0.0,,0.0
2026/07/15 07:15:00,0.0,0.0,,0.0
2026/07/15 07:30:00,0.0,0.0,,0.0
2026/07/15 07:45:00,0.0,0.0,,0.0
2026/07/15 08:00:00,0.0,0.0,,0.0
2026/07/15 08:15:00,0.0,0.0,,0.0
2026/07/15 08:30:00,0.0,0.0,,0.0
2026/07/15 08:45:00,686.95,0.0,,123.65
2026/07/15 09:00:00,845.86,0.0,,123.65
2026/07/15 09:15:00,847.68,842.72,,188.7
2026/07/15 09:30:00,838.41,842.39,,188.87
2026/07/15 09:45:00,844.7,823.18,,217.67
2026/07/15 10:00:00,836.26,818.05,,217.51
2026/07/15 10:15:00,831.79,813.58,,217.01
2026/07/15 10:30:00,828.32,812.26,,217.51
2026/07/15 10:45:00,815.24,805.31,,217.51
2026/07/15 11:00:00,798.85,800.34,,217.51
2026/07/15 11:15:00,778.49,788.75,,217.51
2026/07/15 11:30:00,760.61,781.64,,217.51
2026/07/15 11:45:00,758.3,768.72,,217.18
2026/07/15 12:00:00,757.8,760.12,,217.18
2026/07/15 12:15:00,756.81,755.98,,217.34
2026/07/15 12:30:00,756.64,747.54,,217.34
2026/07/15 12:45:00,758.63,744.89,,217.34
2026/07/15 13:00:00,757.8,754.16,,217.18
2026/07/15 13:15:00,759.95,755.65,,217.67
2026/07/15 13:30:00,759.62,758.63,,217.01
2026/07/15 13:45:00,759.62,754.16,,217.51
2026/07/15 14:00:00,757.14,749.36,,217.34
2026/07/15 14:15:00,759.29,754.82,,217.51
2026/07/15 14:30:00,759.79,769.22,,217.67
2026/07/15 14:45:00,758.79,771.04,,217.67
2026/07/15 15:00:00,760.45,774.02,,217.51
2026/07/15 15:15:00,759.62,764.25,,217.01
2026/07/15 15:30:00,757.3,758.13,,217.34
2026/07/15 15:45:00,756.81,748.7,,217.51
2026/07/15 16:00:00,757.47,745.88,,217.18
2026/07/15 16:15:00,754.16,740.75,,217.51
2026/07/15 16:30:00,756.97,739.59,,217.18
2026/07/15 16:45:00,754.49,742.9,,217.51
2026/07/15 17:00:00,759.12,750.85,,217.34
2026/07/15 17:15:00,756.81,744.39,,217.18
2026/07/15 17:30:00,758.63,754.99,,217.51
2026/07/15 17:45:00,756.14,759.79,,217.34
2026/07/15 18:00:00,757.3,757.96,,217.18
2026/07/15 18:15:00,754.65,758.79,,217.84
2026/07/15 18:30:00,757.14,769.06,,217.34
2026/07/15 18:45:00,758.46,777.83,,217.84
2026/07/15 19:00:00,757.14,773.52,,217.18
2026/07/15 19:15:00,757.96,770.55,,217.67
2026/07/15 19:30:00,758.3,761.77,,217.34
2026/07/15 19:45:00,756.64,763.1,,217.34
2026/07/15 20:00:00,758.13,765.74,,217.51
2026/07/15 20:15:00,745.22,0.0,,373.27
2026/07/15 20:30:00,869.37,0.0,,545.42
2026/07/15 20:45:00,866.22,1.99,,545.09
2026/07/15 21:00:00,872.84,0.0,,545.59
2026/07/15 21:15:00,864.4,0.0,,637.29
2026/07/15 21:30:00,872.51,0.0,,638.12
2026/07/15 21:45:00,862.25,0.0,,636.3
2026/07/15 22:00:00,862.25,0.0,,197.97
2026/07/15 22:15:00,481.2,0.0,,198.14
2026/07/15 22:30:00,0.0,0.0,,123.98
2026/07/15 22:45:00,0.0,0.0,,124.48
2026/07/15 23:00:00,0.0,0.0,,3.97
2026/07/15 23:15:00,0.0,0.0,,4.14
2026/07/15 23:30:00,0.0,0.0,,4.14
2026/07/15 23:45:00,0.0,0.0,,3.97
